artist,genre_category
$uicideboy$,Hip Hop / Rap
'Ery Noice,Other
(((()))),Other
*NSYNC,Other
-,Other
009 Sound System,Other
03 Greedo,Other
2 Chainz,Hip Hop / Rap
2 VIVE,EDM / Electronic
2'Live Bre,Hip Hop / Rap
21 Savage,Other
24kGoldn,Other
2Pac,Hip Hop / Rap
3 Doors Down,Other
3OH!3,Other
4 Non Blondes,Other
4batz,Other
4ourty8,Other
5 Seconds of Summer,Other
50 Cent,Hip Hop / Rap
7Horse,Rock / Alternative
932sounds,Other
A Boogie Wit da Hoodie,Hip Hop / Rap
A Great Big World,Other
A Tribe Called Quest,Hip Hop / Rap
A!MS,Other
A$AP Ferg,Hip Hop / Rap
A$AP Rocky,Hip Hop / Rap
A17N,Latin
A2O,Pop
ABBA,Other
AC/DC,Rock / Alternative
AFRONOM,EDM / Electronic
AGTHA,EDM / Electronic
AJ Mitchell,Other
AJR,Other
AKI,Other
ALEXSUCKS,Other
ANOHNI,Pop
ASH7ON,Other
ATB,Other
ATLXS,Other
AURORA,Pop
AWOLNATION,Other
AZERDK,Other
Aakaash Rao,Other
Aaliyah,R&B / Soul
Aaron Tippin,Country
Aaryan Shah,R&B / Soul
Abeer Nehme,Other
Adam Hicks,Other
Adam Lambert,Other
Adam Levine,Other
Adam Port,EDM / Electronic
Adam Skorupa,Other
Adam Taylor,Other
Addison Rae,Other
Adele,Pop
Adrian Von Ziegler,Other
Adrianne Lenker,Other
Adrián Berenguer,Other
Aerosmith,Rock / Alternative
Aftertheparty,Hip Hop / Rap
Agnes Obel,Other
Ahmed Saad,Other
Aidan Bissett,Other
Aimee Mann,Other
Akon,Other
Alabama 3,EDM / Electronic
Alaina Castillo,Other
Alan Jackson,Country
Alan Silvestri,Other
Alan Walker,Other
Alanis Morissette,Other
Alec Benjamin,Other
Alek Olsen,Other
Alessandro Alessandroni,Other
Alessia Cara,Other
Alesso,EDM / Electronic
Aleta,Other
Alex & Sierra,Other
Alex Clare,Other
Alex G,Other
Alex Serra,Other
Alex Warren,Other
Alexander 23,Other
Alexander Merlin,Other
Alexander Nate,Other
Alexandra Savior,Other
Alexandra Stan,Pop
Alexandre Desplat,Other
Alexey Omelchuk,Other
Ali Gatie,Other
Alice Boman,Other
Alice In Chains,Other
Alicia Keys,R&B / Soul
Alien Ant Farm,Rock / Alternative
Alisa Okehazama,Other
Alison Krauss,Other
Allie X,Other
Allison Amber Hage,Other
Alok,Other
Altan Urag,Rock / Alternative
Alter Bridge,Other
Aly & AJ,Other
Amaarae,Other
Amb1shn,Other
Amber Run,Other
America,Rock / Alternative
America Allen,Other
American Authors,Other
Aminé,Other
Amy Macdonald,Other
Amy Winehouse,Other
Ana Shine,Other
Ananya,Other
Anaumali,Other
Andrei Krylov,Other
Andrew Belle,Other
Andy Grammer,Other
Andy Shauf,Other
Ane Brun,Other
Angus & Julia Stone,Other
Anitta,Pop
Anna Calvi,Other
Anna Kendrick,Other
Anna Marx,Other
Anna of the North,Other
Annalise Azadian,Other
Anne-Marie,Other
Anson Seabra,Other
Anthem Hits Platinum,Other
Anthony Touma,Pop
Anthony Willis,Other
Antonin Herbeck,Other
Antony Genn,Other
Apollo Sunshine,Other
Aqua,Pop
Arcade Fire,Rock / Alternative
Arcane,Other
Arctic Monkeys,Rock / Alternative
Arcángel,Latin
Aresty.,Other
Ari Abdul,R&B / Soul
Ari Pulkkinen,Other
Ariana Grande,Pop
Arizona Zervas,Other
Arlo Parks,Other
Armani White,Other
Armin van Buuren,Other
Artemas,Other
Arya,Other
Asaf Avidan,Other
Asal,Other
Ascence,Other
Ashanti,R&B / Soul
Ashe,Other
Ashlee Keating,Other
Ashley Johnson,Other
Ashley Tisdale,Other
Ashnikko,Other
Ashris,Other
Ashwin Gane,Other
Astrid S,Pop
AthenaDME,Other
Atli Örvarsson,Other
Au/Ra,Other
Audio Dope,EDM / Electronic
Audioslave,Other
Audrey Evans,Other
Austin Wintory,Other
Ava Beathard,Other
Ava Max,Other
Avicii,EDM / Electronic
Avril Lavigne,Other
Avu-chan,Other
Axwell /\ Ingrosso,Other
Aya Nakamura,R&B / Soul
Ayesha Erotica,Other
Azealia Banks,Other
B.o.B,Other
BADBADNOTGOOD,Other
BAMBARA,Other
BANKS,Other
BANNERS,Other
BEAUZ,EDM / Electronic
BENEE,Other
BETHY,Other
BETWEEN FRIENDS,Other
BEXEY,Hip Hop / Rap
BJ Lips,Other
BL3SS,Other
BL8M,Other
BLACKPINK,Pop
BOBI ANDONOV,Other
BOMBVY,Other
BONES,Hip Hop / Rap
BONZIE,Other
BRAN,EDM / Electronic
BTS,Pop
BUNT.,EDM / Electronic
BURY,R&B / Soul
BYOR,Other
Babeheaven,Other
Baby Bash,Other
Baby Keem,Other
Baby Tate,Other
Babybird,Pop
Backstreet Boys,Other
Bad Bunny,Latin
Bad Meets Evil,Other
Bad Wolves,Rock / Alternative
Badfinger,Pop
Banshee,Hip Hop / Rap
Bare Up,Other
Baroque Festival Orchestra,Other
Basshunter,EDM / Electronic
Bastille,Other
Batzorig Vaanchig,Other
Bazzi,Other
Bea Miller,Other
Beach Bunny,Other
Beach House,Pop
Beach Weather,Other
Bear McCreary,Other
Beatline,EDM / Electronic
Beau Young Prince,Other
Bebe Rexha,Other
Becky G,Latin
Becky Hill,Other
Bedroom,Other
Bee Gees,Other
Bella Poarch,Other
Ben Cocks,Other
Ben E. King,Other
Beneld,R&B / Soul
Benjamin Wallfisch,Other
Benji,EDM / Electronic
Benniee,Other
Benny Benassi,EDM / Electronic
Benson Boone,Other
Bernard Herrmann,Other
Besomage,Other
Besomorph,EDM / Electronic
Betoko,Other
Beyazz,Hip Hop / Rap
Beyoncé,Other
Beyond The Guitar,Other
Big & Rich,Country
Big Boss Vette,Other
Big Jude,Other
Big Red Machine,Other
Big Sean,Other
Big Swapp,Other
BigXthaPlug,Hip Hop / Rap
Bikini Kill,Other
Bill Brown,Other
Bill Elm,Other
Bill Elm & Woody Jackson,Other
Bill Withers,R&B / Soul
Billie Eilish,Other
Billie Marten,Other
Billy Currington,Country
Billy Idol,Other
Billy Joel,Rock / Alternative
Birdy,Other
Bishop Briggs,Other
Bizarrap,Hip Hop / Rap
Björk,Pop
Black Box Recorder,Pop
Black Eyed Peas,Other
Black Lips,Rock / Alternative
Black M,Pop
Black Pistol Fire,Rock / Alternative
Black Rebel Motorcycle Club,Other
Black Rob,Hip Hop / Rap
Black Sabbath,Rock / Alternative
Blackstreet,Other
Blake Neely,Other
Blake Shelton,Country
Blasterjaxx,Other
BlocBoy JB,Other
Blood Orange,Pop
Bloodhound Gang,Other
Blu Cantrell,Other
Blue Foundation,Other
Blue Man,Other
Blue Öyster Cult,Rock / Alternative
Blur,Pop
Blxst,Other
Bo Burnham,Other
Bo Diddley,Other
Bob Dylan,Rock / Alternative
Bobby Shmurda,Other
Bon Iver,Other
Bon Jovi,Rock / Alternative
Bonalt & Hadi,Other
Bone Thugs-N-Harmony,Hip Hop / Rap
Boney M.,Other
Bonnie Tyler,Other
Booker T. & the M.G.'s,Other
Borislav Slavov,Other
Boston,Rock / Alternative
Boy Harsher,Other
Boys Noize,EDM / Electronic
Boyshegz,Other
Boyz N Da Hood,Hip Hop / Rap
Brad Breeck,Other
Brad Paisley,Country
Brantley Gilbert,Country
Breakfast For Joey,Other
Breaking Benjamin,Rock / Alternative
Brent Faiyaz,R&B / Soul
Brett Eldredge,Country
Brian Eno,Other
Brian Tyler,Other
Bridgit Mendler,Other
Briezman,Other
Bring Me The Horizon,Rock / Alternative
Britney Manson,Other
Britney Spears,Pop
Broken Bells,Other
Bronski Beat,Pop
Brooke Star,Other
Brooks & Dunn,Country
Brothers Osborne,Country
Bruce Springsteen,Other
Bruklin,Other
Bruno Chosen,Other
Bruno Mars,Other
Bryan Adams,Other
Bryce Fox,Other
Bryson Tiller,Hip Hop / Rap
Buddy Miles,Rock / Alternative
Busta Rhymes,Hip Hop / Rap
BØRNS,Other
CADDY,Other
CADMIUM,Other
CAKE,Rock / Alternative
CARYS,Other
CHVRCHES,Pop
CJ,Other
CKay,Other
CRO,Hip Hop / Rap
Cabuizee,EDM / Electronic
Cage The Elephant,Other
Cailin Russo,Other
Cairokee,Pop
Calum Scott,Pop
Calvin Harris,EDM / Electronic
Camila Cabello,Other
Camilla Sun,Other
Camilo,Pop
Candi Staton,Other
Capital Cities,Other
Cardi B,Other
Carl Anderson,Other
Carl Moon,Other
Carl Orff,Other
Carlie Hanson,Other
Carlos Rafael Rivera,Other
Carlos Vives,Pop
Carly Rae Jepsen,Other
Carly Simon,Other
Carmen Twillie,Other
Carnage,Other
Caroline Polachek,Pop
Carrie Underwood,Country
Cartoon,Other
Cascada,Pop
Cassanova,Other
Cassie,Other
Casual Sex,Other
Cat Power,Other
Catfish and the Bottlemen,Rock / Alternative
Cathedrals,Other
Catlea,Other
Cecilia Krull,Other
CeeLo Green,Other
Celeste,Other
Central Cee,Hip Hop / Rap
Chad Brock,Other
Chamillionaire,Hip Hop / Rap
Chance Peña,Other
Chance Thomas,Other
Chance the Rapper,Other
Chappell Roan,Other
Charles & Eddie,Other
Charles Kelley,Country
Charli xcx,Pop
Charlie Peacock and Les Chanteuses,Other
Charlie Puth,Pop
Charlie Walker,Other
Charlotte Lawrence,Other
Charlotte de Witte,EDM / Electronic
Chase Atlantic,Other
Chase Matthew,Country
Chase Rice,Country
Chaël,Other
Cheat Codes,Other
Chelan,Other
Cheyanne,R&B / Soul
Childish Gambino,Other
Chipz,Other
Chloe Adams,Other
Chloe Isabella,Other
Chlöe,Other
Chord Overstreet,Other
Chris Brown,R&B / Soul
Chris Gold,Other
Chris Grey,R&B / Soul
Chris Isaak,Other
Chris Janson,Country
Chris Lane,Country
Chris Stapleton,Country
Chris Wenner,Other
Chris Young,Country
Christian Kennedy,Other
Christian Ray Taylor,Other
Christina Aguilera,Other
Christina Perri,Pop
Christine Slagman,Other
Christophe Beck,Other
Christopher Drake,Other
Christopher Lennertz,Other
Chromeo,Other
Chrystal,Other
Chuck Berry,Rock / Alternative
Ciara,Other
Cigarettes After Sex,Pop
Cinnamon Chasers,Other
Cj Hooper,Other
Clairo,Pop
Clamavi De Profundis,Other
Clams Casino,Hip Hop / Rap
Clara La San,Other
Clean Bandit,Other
Cliff Martinez,Other
Clint Black,Country
Clint Mansell,Other
Clinton Kane,Other
Cloud,Other
Clouded.,EDM / Electronic
Cobra Starship,Other
Cody Johnson,Country
Coi Leray,Other
Cokasian,Other
Coldplay,Other
Cole Swindell,Country
College,Other
Collosia,Other
Colm R. McGuinness,Other
Colt Ford,Hip Hop / Rap
Com Truise,Other
Commma,Other
ConKi,Other
Conan Gray,Other
Conway Twitty,Country
Coolio,Hip Hop / Rap
Corbin Bleu,Other
Cordae,Other
Corena,Other
Cour,EDM / Electronic
Craig Morgan,Country
Crazy Frog,Other
Creed,Other
Creedence Clearwater Revival,Rock / Alternative
Crouch End Festival Chorus,Other
Crowded House,Other
Crystal Castles,EDM / Electronic
Crystal Rock,EDM / Electronic
Cults,Other
Curawaka,Other
Curos,Other
Current Joys,Rock / Alternative
Cutting Crew,Other
Cwby,Other
Cyn,Other
Cyndi Lauper,Other
Cynthia Erivo,Other
Cypress Hill,Hip Hop / Rap
Cécile Corbel,Other
Cœur De Pirate,Pop
D'Angelo,R&B / Soul
D-Block Europe,Other
D4WNATELLO,Other
DDG,Other
DJ Fresh,Other
DJ Gotta,Other
DJ Japa NK,Other
DJ Khaled,Other
DJ Khamel,Other
DJ Snake,Other
DJ Tec,Other
DJSM,EDM / Electronic
DMX,Hip Hop / Rap
DNA,Other
DNCE,Other
DNMO,Other
DRAM,Other
DVBBS,EDM / Electronic
DVNY,Other
DaBaby,Other
Daddy Yankee,Latin
Daft Punk,EDM / Electronic
Damien Rice,Other
Dan + Shay,Country
Dan Auerbach,Rock / Alternative
Dan Romer,Other
Dana Fuchs,Other
Dance Fruits Music,EDM / Electronic
Danheim,Other
Daniel Caesar,Other
Daniel Di Angelo,R&B / Soul
Daniel Lanois,Other
Daniel Licht,Other
Daniel Powter,Other
Daniele Luppi,Other
Danit,Other
Danny Elfman,Other
Darci,R&B / Soul
Dario Marianelli,Other
Darius Rucker,Country
Darkrose,Other
Darren Korb,Other
Dasha,Other
Daughter,Other
Daughtry,Other
Dave,Other
Dave Matthews Band,Other
Dave Porter,Other
Daveedtheking,Other
David Arkenstone,Other
David Arnold,Other
David Arnold & Michael Price,Other
David Ferguson,Other
David García Díaz,Other
David Guetta,EDM / Electronic
David Kushner,Other
David Newman,Other
Daya,Other
Daya Blaze,Other
Dayglow,Rock / Alternative
De La Soul,Hip Hop / Rap
DeBarge,Other
DeJ Loaf,Other
Dean Lewis,Other
Death Plus,Hip Hop / Rap
DeathbyRomy,Other
Declan McKenna,Other
Deep Chills,EDM / Electronic
Deep Inside,Other
Deep Purple,Rock / Alternative
Deftones,Rock / Alternative
Delaney Bailey,Other
Delinquent Habits,Hip Hop / Rap
Demi Lovato,Other
Denez Prigent,Other
Dennis Lucca,Other
Denzel Curry,Other
Deorro,Other
Depeche Mode,Other
Derek & The Dominos,Rock / Alternative
Dermot Kennedy,Other
Desiigner,Other
Destiny's Child,Other
Destroy Boys,Other
Diamond Rio,Country
Diamond Thug,Other
Diana Ross,Other
Dianna Lopez,Other
Dici,Other
Dick Dale,Rock / Alternative
Diddy - Dirty Money,Other
Dido,Other
Diego Mitre,Other
Dierks Bentley,Country
Diplo,Other
Dire Straits,Rock / Alternative
Disclosure,EDM / Electronic
Disco Lines,EDM / Electronic
Disturbed,Rock / Alternative
Dj Pegamento,Other
Djo,Other
Dmitri Shostakovich,Other
Doc Watson,Other
Doechii,Other
Doja Cat,Other
Dolly Parton,Country
Dominic Fike,Other
Don Diablo,EDM / Electronic
Don Toliver,Other
Donna Missal,Other
Dorothy,Other
Dove Cameron,Other
Dr. Dog,Other
Dr. Dre,Hip Hop / Rap
Drake,Hip Hop / Rap
Dream Chaos,EDM / Electronic
Dream Wife,Other
Dreamville,Other
Drenchill,EDM / Electronic
Dresage,Other
Drew Holcomb & The Neighbors,Other
Dreycee,Other
Dreyma,Other
Dua Lipa,Pop
Dua Saleh,R&B / Soul
Duke Dumont,EDM / Electronic
Duncan Laurence,Other
Duran Duran,Other
Dutch Melrose,R&B / Soul
Dwight Yoakam,Country
Dxvn.,R&B / Soul
Dybbukk,Other
Dylan Tha Only Child,Other
Dynoro,Other
ELECTRA,Other
ELI,Other
ELIH,Other
EMMY,Other
Eagles,Rock / Alternative
Eazy-E,Hip Hop / Rap
Echosmith,Other
Ed Sheeran,Pop
Ed Sheeran & Justin Bieber,Other
Edd Stark,Hip Hop / Rap
Eddie van der Meer,Other
Edward Maya,Other
Egzod,Other
Einar Selvik,Other
Eiza Murphy,Other
El Michels Affair,Other
El Waili,Hip Hop / Rap
Elephant Revival,Other
Eli Young Band,Country
Elita,Other
Eliza Rose,EDM / Electronic
Ella Mai,R&B / Soul
Elle King,Other
Elley Duhé,Other
Ellie Goulding,Other
Elliot,Other
Elliot James Reay,Other
Elliot Sutton,Other
Elliott Smith,Other
Ellise,Other
Elton John,Other
Elvis Drew,R&B / Soul
Ely Oaks,EDM / Electronic
Em Beihold,Other
Emancipator,Other
Emil Rottmayer,Other
Emilio,EDM / Electronic
Emily Osment,Other
Emilíana Torrini,Other
Eminem,Hip Hop / Rap
Emm Nascimento,Other
Emma Louise,Other
Emma Thompson,Other
Empire Of The Sun,Other
Enigma,Other
Ennio Morricone,Other
Enrique Iglesias,Latin
Entheogenic,Other
Enya,Other
Eric B. & Rakim,Hip Hop / Rap
Eric Church,Country
Eric Heitmann,Other
Eric McKenna,Other
Ericovich,Other
EsDeeKid,Other
Eslabon Armado,Other
Estelle,Other
Eternxlkz,Other
Ethel Cain,Other
Europe,Rock / Alternative
Eurythmics,Other
Evan Call,Other
Evan Rachel Wood,Other
Evanescence,Rock / Alternative
Everything But The Girl,Other
Ex Habit,R&B / Soul
ExtraaaVibe,Other
Extreme,Rock / Alternative
Eyedress,Other
FIDLAR,Rock / Alternative
FIFTY FIFTY,Pop
FINNEAS,Other
FIXL,EDM / Electronic
FKA twigs,Pop
Fabiano Abaixo Assinado,Other
Fabolous,Other
Faith Hill,Country
Fall Out Boy,Other
Fameboy BL,Other
Famy,Other
Far East Movement,Other
Farizki,Other
Farruko,Latin
Faruk Orman,EDM / Electronic
Fat Joe,Hip Hop / Rap
Favored Nations,Other
Faye Webster,Other
Feid,Latin
Felax,Other
Fergie,Other
Fetty Wap,Other
Fever Ray,Pop
Fifth Harmony,Other
Finn,Other
Fiona Apple,Pop
Fitz and The Tantrums,Other
Fivio Foreign,Hip Hop / Rap
Fleetwood Mac,Rock / Alternative
Fleurie,Other
Flight,Other
Flo Milli,Other
Flo Rida,Other
Floats,Other
Florence + The Machine,Pop
Florida Georgia Line,Country
Flower Face,Other
FloyyMenor,Latin
Flume,Other
Foo Fighters,Rock / Alternative
Foreigner,Other
Forest Blakk,Other
Forrest Finn,Other
Forrest Frank,Other
Foster The People,Other
Fourtwnty,Rock / Alternative
Foxilitus,Other
Franco Micalizzi,Other
Frank Ocean,Other
Frank Walker,Other
Frankie Ballard,Country
Frankie Muriel,Other
Frankie Rose,Pop
Fransii,Other
Franz Ferdinand,Rock / Alternative
Fraser Stott,Other
Fred Neil,Other
Fred again..,EDM / Electronic
Frederik Wiedmann,Other
French 79,EDM / Electronic
French Montana,Other
French The Kid,Hip Hop / Rap
Freya Ridings,Other
Friedrich Habetler,Other
Friends & Praise,Other
Frou Frou,Other
Fuerza Regida,Other
Fugees,Hip Hop / Rap
Fujii Kaze,Pop
Fuse ODG,Other
Future,Hip Hop / Rap
G Herbo,Hip Hop / Rap
G-Eazy,Other
G-Epic,Other
G-Unit,Hip Hop / Rap
GAYLE,Other
GEN.KLOUD,Other
GINAxC,Other
GIVĒON,R&B / Soul
GOVAN,Other
GRLwood,Other
GROUPLOVE,Rock / Alternative
GYMBRO,EDM / Electronic
Gabry Ponte,EDM / Electronic
Galantis,Other
Gammer,Other
Gang Starr,Hip Hop / Rap
Gang of Youths,Other
Gareth Coker,Other
Gary O'Slide,Other
Gavin Adcock,Country
Gavin DeGraw,Other
Geek Music,Other
Geneburn,Other
Genesis,Rock / Alternative
Genevieve Stokes,Other
Geoff Knorr,Other
Geoff Zanelli,Other
George Ezra,Other
George Michael,Other
George Strait,Country
Gerry Rafferty,Rock / Alternative
Gesaffelstein,Other
Ghost,Rock / Alternative
Ghostemane,Hip Hop / Rap
Gigi Perez,Other
Gin Wigmore,Other
Gina Luciani,Other
Ginuwine,R&B / Soul
Gio Mkl,Other
Gioachino Rossini,Other
Girls Aloud,Other
Girls' Generation,Pop
Glass Animals,Other
Glasser,Other
Glitter Party,Pop
Global Stage Orchestra,Other
Gloria Kim,Other
Gnarls Barkley,Other
Good Neighbours,Other
Gorillaz,Other
Gotye,Other
Gracie Abrams,Other
Grady,Other
Grailz Beni,Other
Grateful Dead,Other
Green Day,Other
Greg Edmonson,Other
Greta Van Fleet,Rock / Alternative
Grimes,Pop
Grinderman,Rock / Alternative
Groove Crackers,EDM / Electronic
Grupo Frontera,Other
Gryffin,EDM / Electronic
Gucci Mane,Hip Hop / Rap
Gulmee,EDM / Electronic
Gunna,Hip Hop / Rap
Guns N' Roses,Rock / Alternative
Gustavo Santaolalla,Other
Gustixa,Other
Guy Gerber,EDM / Electronic
Gwen Stefani,Other
Gwendolyn Sanford,Other
Gym Class Heroes,Other
HAIM,Other
HEALTH,Rock / Alternative
HELLYEAH,Rock / Alternative
HIXTAPE,Country
HRVY,Other
HUGEL,Latin
HUNTR/X,Pop
HUS,Other
HUTS,EDM / Electronic
Haddaway,EDM / Electronic
Haifa Wehbe,Pop
Hailee Steinfeld,Other
Haley Heynderickx,Other
Haley Reinhart,Other
Halloween All-Stars,Other
Halsey,Other
Handsome Poets,Pop
Hank Levy,Other
Hank Williams,Country
Hannah Harlacher,Other
Hanno,Other
Hans Zimmer,Other
Hanumankind,Hip Hop / Rap
Happening Now,Other
Harmless,Other
Harold Faltermeyer,Pop
Harry Gregson-Williams,Other
Harry Styles,Other
Hayley Kiyoko,Other
Heart,Rock / Alternative
Heitor Pereira,Other
Helena Deland,Other
Henry Jackman,Other
Henry Mancini,Other
Henry Smith,Other
Henry Verus,R&B / Soul
Hey Violet,Other
Hideki Taniuchi,Other
Hiko,Other
Hilary Duff,Other
Hildur Guðnadóttir,Other
Hinder,Other
Hippie Sabotage,Other
Hiroaki Tsutsumi,Other
Hole,Other
Hollywood Undead,Hip Hop / Rap
Homeboy Delmar,Other
Honey Gentry,Other
Honors,Other
Hoobastank,Rock / Alternative
Hoodie Forester,Other
Hot Chelle Rae,Other
Hotel Ugly,Other
Houston,Other
Howard Shore,Other
Hozier,Other
Hucci,Hip Hop / Rap
Hudson Westbrook,Country
Huevos Rancheros,Rock / Alternative
Huey Lewis & The News,Other
Huncho Jack,Other
Hunter Hayes,Country
Hurricane on Saturn,Other
Hyper Kenzo,EDM / Electronic
Hypermorph,EDM / Electronic
HyunA,Pop
I DONT KNOW HOW BUT THEY FOUND ME,Other
I Hear Sirens,Rock / Alternative
I'll Take You There Choir,Other
I.U,Other
IAMMAG,Other
IAN SIZE,Other
IC3PEAK,EDM / Electronic
IDLES,Other
ILLIT,Pop
ILURO,Other
IV Tune,Other
IZA,Pop
Iaco,EDM / Electronic
Ian Asher,Other
Ice Cube,Hip Hop / Rap
Ice Spice,Other
Icon For Hire,Rock / Alternative
Icona Pop,Other
Idina Menzel,Other
Idreesi,Hip Hop / Rap
Iggy Azalea,Other
Iggy Pop,Other
Ilan Eshkeri,Other
ImXgine,Other
Imagine Dragons,Other
Imanbek,EDM / Electronic
Imogen Heap,Other
Incubus,Rock / Alternative
India Thieriot,Other
IndieHay,Other
Indigo Girls,Other
Indila,Pop
Inner Circle,Other
Inon Zur,Other
Intellios,Other
Internet Money,Other
Irma Thomas,R&B / Soul
Isaac Chambers,Other
Isabel LaRosa,Other
Itzhak Perlman,Other
Iyaz,Other
J 2 5,Other
J Balvin,Latin
J. Baez,Other
J. Cole,Hip Hop / Rap
J.I.Bri,Other
JACKBOYS,Other
JADE,Other
JAY-Z,Hip Hop / Rap
JD & The Straight Chasers,Other
JENNIE,Pop
JEREMIAS,Rock / Alternative
JISOO,Pop
JLS,Other
JNL,Other
JNR CHOI,Other
JONY,Other
JP Cooper,Other
JP Saxe,Other
JVKE,Other
JVLA,Other
JW Velly,Other
Ja Rule,Hip Hop / Rap
Jack Harlow,Other
Jack Johnson,Rock / Alternative
Jack Ü,Other
Jacob Storey,R&B / Soul
Jacob Tillberg,Other
Jadakiss,Hip Hop / Rap
Jaden,Other
Jain,Pop
James Arthur,Pop
James Bay,Other
James Blake,Other
James Blunt,Other
James Horner,Other
James Hype,EDM / Electronic
James Morrison,Other
James Newton Howard,Other
James Otto,Country
James TW,Other
Jamie Christopherson,Other
Jamie Lidell,R&B / Soul
Jamie Salisbury aka Jonas West,Other
Jana Diab,Pop
Janet Jackson,Other
Jann,Other
Jared Moreno Luna,Other
Jas Von,Other
Jason Aldean,Country
Jason Charles Miller,Other
Jason Derulo,Other
Jason Graves,Other
Jason Hayes,Other
Jason Mraz,Pop
Jawsh 685,Other
Jax Jones,Other
Jay Bird,EDM / Electronic
Jay Rock,Other
Jay Sean,Other
Jaymes Young,Other
JeLa,Other
Jeff Beal,Other
Jeff Buckley,Other
Jeff Russo,Other
Jeff van Dyck,Other
Jefferson Airplane,Rock / Alternative
Jelly Roll,Hip Hop / Rap
Jennifer Lopez,Other
Jenny O.,Other
Jeremiah Sand,Other
Jeremih,Other
Jeremy Soule,Other
Jeremy Zucker,Other
Jeremy Zuckerman,Other
Jerry Goldsmith,Other
Jesper Kyd,Other
Jess Glynne,Other
Jesse Harlin,Other
Jesse Hopkins,Other
Jesse®,Other
Jessica Baran-Surel,Other
Jessica Mazin,Other
Jessica Pratt,Other
Jessie J,Other
Jessie Murph,Other
Jet,Other
Jhené Aiko,R&B / Soul
Jiggy Tone,Other
Jim Bonney,Other
Jim Sturgess,Other
Jimi Hendrix,Rock / Alternative
Jimilian,Hip Hop / Rap
Jimin,Pop
Jimmy Eat World,Other
Jin,Pop
Jo Dee Messina,Country
Joan As Police Woman,Other
Joan Jett & the Blackhearts,Rock / Alternative
Joe Anderson,Other
Joe Cocker,Other
Joe Diffie,Country
Joe Henson,Other
Joe Hermes,Other
Joe Hisaishi,Other
Joe Nichols,Country
Joel Adams,Other
Joel Corelitz,Other
Joel Corry,EDM / Electronic
Joel McNeely,Other
Joel P West,Other
Joey Bada$$,Hip Hop / Rap
Johan Söderqvist,Other
John + Jane Q. Public,Other
John Brandt,Other
John Carpenter,Other
John Debney,Other
John Hartford,Other
John Legend,Pop
John Michael Montgomery,Country
John Newman,Other
John Paesano,Other
John Powell,Other
John Travolta,Other
John Williams,Other
Johnning,Other
Johnny Cash,Country
Johnny Goth,Pop
Johnny Hollow,Other
Johnny Rain,Other
Johnny Thunders,Other
Joji,Other
Jon Brion,Other
Jon Langston,Country
Jon Pardi,Country
Jonas Blue,EDM / Electronic
Jonas Brothers,Other
Jonas Kvarnström,Other
Jonas Lefvert,Other
Jonasu,Other
Jonna Jinton,Other
Jordan Adetunji,Hip Hop / Rap
Jordan Davis,Country
Jordan Parker,Other
Jordan Seigel,Other
Jordana Bryant,Other
Joris de Man,Other
Josh Abbott Band,Country
Josh Homme,Other
Josh Turner,Country
José González,Rock / Alternative
Journey,Other
Joy Again,Other
Joywave,Other
JuMa44,Other
Jubël,Other
Juice WRLD,Hip Hop / Rap
Juju,Hip Hop / Rap
Julia Michaels,Other
Julie Doiron,Other
Jung Kook,Pop
Jungle,Other
Just Kids,Other
Justice,EDM / Electronic
Justin Bieber,Other
Justin Hurwitz,Other
Justin Timberlake,Other
Justine Skye,Other
Jutes,Other
Jóhann Jóhannsson,Other
K!llx,Other
K'NAAN,Other
K.Flay,Other
K3YN0T3,EDM / Electronic
KALEO,Other
KAROL G,Latin
KATSEYE,Pop
KEV-Y,Other
KISS,Rock / Alternative
KOLBEIN,EDM / Electronic
KROMA,EDM / Electronic
KRS-One,Hip Hop / Rap
KSI,Other
KXLLSWXTCH,Hip Hop / Rap
KYANU,Other
KYLE,Other
Kae,R&B / Soul
Kailee Morgue,Other
Kali Uchis,Other
Kane Brown,Country
Kansas,Rock / Alternative
Kanye West,Hip Hop / Rap
Kaptain Swizzy,Other
Karin Dreijer Andersson,Other
Kat Dahlia,Other
Kate Anstey,Other
Kate Bush,Pop
Kate Nash,Other
Kate Rusby,Other
Katy Perry,Pop
Kavinsky,Other
Kayote,Other
Keane,Other
Kehlani,Other
Keira Knightley,Other
Keith Urban,Country
Keke Palmer,Other
Kelly Clarkson,Other
Kelly Rowland,Other
Kelsea Ballerini,Country
Kelsey Lu,R&B / Soul
Kelsey Olivia,Other
Ken,EDM / Electronic
Kendra Erika,Pop
Kendrick Lamar,Hip Hop / Rap
Kenia Os,Latin
Kenny Chesney,Country
Kenya Grace,Other
Kenzo Cregan,Other
Kesha,Other
Kevin Gates,Other
Kevin Kiner,Other
Kevin Kiner; Gustavo Santaolalla,Other
Kevin MacLeod,Other
Kevin Penkin,Other
Kevin Sherwood,Other
Key Glock,Other
Khalid,Other
Khantrast,Hip Hop / Rap
Khari!,Other
Khruangbin,Other
Kid Cudi,Other
Kid Ink,Other
Kid Rock,Other
Kiiara,Other
Kiki Rockwell,Other
Killstation,Hip Hop / Rap
Kim Petras,Other
Kina,Other
Kindness,Other
King Crimson,Rock / Alternative
King Gizzard & The Lizard Wizard,Other
King Kxmi,Other
King Von,Hip Hop / Rap
Kings of Leon,Other
Kinneret,Other
Kivimetsän Druidi,Rock / Alternative
Klaas,EDM / Electronic
Klangkarussell,Other
Klaus Badelt,Other
Kleenex,Other
Kløn,Other
Kodak Black,Other
Kodaline,Other
Kohei Tanaka,Other
Koji Kondo,Other
Konet,Other
Kool & The Gang,Other
Korn,Rock / Alternative
Kotaro Nakagawa,Other
Kremor,EDM / Electronic
Kris Allen,Other
Kris James,Other
Kris Kross,Other
Kristofer Maddigan,Other
Kujah,Other
Kungs,Other
Kupla,Hip Hop / Rap
Kxng Leó,Other
Kygo,EDM / Electronic
Kyle Dixon & Michael Stein,Other
Kyu Sakamoto,Other
Kyuss,Rock / Alternative
L. Charlemagne,Other
L3NA,Other
LAUREL,Other
LE SSERAFIM,Pop
LEIDAN,Other
LEROCQUE,Other
LIL TAY,Other
LISA,Pop
LIZOT,EDM / Electronic
LMFAO,Other
LMNT 115,Other
LO LA,Other
LP,Other
LUM!X,EDM / Electronic
LV,Other
LXNGVX,Other
La Bouche,EDM / Electronic
La Roux,Other
Labrinth,Other
Labyrinth Ear,EDM / Electronic
Laci Kay Somers,Other
Lady A,Country
Lady Gaga,Pop
Lafawndah,Pop
Lafferty,Other
Laime,Other
Lainey Wilson,Country
Lali Banks,Other
Lana Del Rey,Other
Landon Cube,Other
Larry June,Other
Last Call,Other
Latto,Other
Laufey,Other
Laura Karpman,Other
Laura Marling,Other
Lauren Daigle,Other
Lauren O'Connell,Other
Lauren Spencer Smith,Other
Lauv,Other
Lay Bankz,Other
Lazerhawk,Other
Le Castle Vania,Other
Le Tigre,Other
League Minimum,Other
League of Legends,Other
Led Zeppelin,Rock / Alternative
Lee An,Other
Lee Ann Womack,Country
Lele Pons,Other
Lena&Linus,Rock / Alternative
Leon Alex,Other
Leon Thomas,Other
Leona Lewis,Other
Leonard Cohen,Other
Leonard Slatkin,Other
Lewis Capaldi,Pop
Lexdez,Other
Lexie Stevenson,Other
Lia Morena,Other
Liam Payne,Other
Libby Ember,Other
Libianca,Other
Lifehouse,Other
Lil Baby,Other
Lil Dicky,Other
Lil Durk,Hip Hop / Rap
Lil God Dan,Other
Lil Jon & The East Side Boyz,Other
Lil Lano,Hip Hop / Rap
Lil Mosey,Hip Hop / Rap
Lil Nas X,Other
Lil Peep,Hip Hop / Rap
Lil Pump,Other
Lil Q,Other
Lil Skies,Hip Hop / Rap
Lil Tecca,Hip Hop / Rap
Lil Tjay,Hip Hop / Rap
Lil Uzi Vert,Hip Hop / Rap
Lil Wayne,Hip Hop / Rap
Lil Yachty,Other
Lila Holler,Other
Lila Wilde,Other
Lilly Wood and The Prick,Pop
Lily Allen,Other
Limi,R&B / Soul
Limp Bizkit,Rock / Alternative
Lindsey Fish,Other
Link Wray,Rock / Alternative
Linkin Park,Rock / Alternative
Lisa O'Neill,Other
Lithe,R&B / Soul
Little Big Town,Country
Little Mix,Other
Lizzo,Other
Lizzy McAlpine,Other
Lofi Fruits Music,Hip Hop / Rap
Logic,Other
Lola Blanc,Other
Lola Young,Other
London Music Works,Other
London Symphony Orchestra,Other
Lonely God,Other
LonelyEve,Other
Lonestar,Country
Lord Huron,Other
Lorde,Other
Loreen,Pop
Loreena McKennitt,Other
Lorne Balfe,Other
Los Lobos,Rock / Alternative
Los Lobos Featuring Arturo Sandoval,Other
Lost Frequencies,EDM / Electronic
Lotte Kestner,Other
Lou Bega,Other
Loud Luxury,Other
Louis Tomlinson,Other
Love,Rock / Alternative
Lucas Mazotti,Other
Lucasta,Other
Luck,Other
Lucky Daye,Other
Ludacris,Hip Hop / Rap
Ludwig Göransson,Other
Ludwig van Beethoven,Other
Luis Bacalov,Other
Luis Fonsi,Latin
Lukas Graham,Pop
Luke Bryan,Country
Luke Combs,Country
Luke Dean,EDM / Electronic
Lupe Fiasco,Other
Luude,Other
Lykke Li,Other
Lynyrd Skynyrd,Rock / Alternative
Lyrical Reign,Other
M.I.A.,Other
MAGIC!,Other
MARA,Other
MARE,Other
MARINA,Other
MARSTEREON,EDM / Electronic
MC Hammer,Other
MEDUZA,Other
MEDZ,Other
MEG MYERS,Other
MGMT,Rock / Alternative
MK,EDM / Electronic
MKTO,Other
MOLIY,Other
MONYQ,Other
MOTHICA,Other
MUSASHI PROJECT,Other
Mabel,Other
Mac DeMarco,Rock / Alternative
Mac Miller,Other
Macklemore,Other
Macklemore & Ryan Lewis,Other
Madi Rindge,Other
Madism,EDM / Electronic
Madison Beer,Other
Madison Ryan,Other
Madonna,Other
Madreblu,Other
Mae Stephens,Other
Magdalena Bay,Other
Maggie Andrew,Other
Maggie Lindemann,Other
Magic Wands,Other
Mahrex,Other
Maithili Raelle,Other
Majestic,Other
Major Lazer,Other
Makaveli,Hip Hop / Rap
Malukah,Other
Maluma,Latin
Manchester Orchestra,Other
Mandrazo,Other
Manu Chao,Latin
Manu Pilas,Other
Manuel Turizo,Latin
Many Voices Speak,Other
Marc Streitenfeld,Other
MarchY,Other
Marcin Przybyłowicz,Other
Marco Beltrami,Other
Marco Lume,EDM / Electronic
Marcos Neiva,Other
Maren Morris,Country
Mareux,Other
Mariah Carey,Other
Mariah the Scientist,R&B / Soul
Maribou State,Other
Marilyn Manson,Rock / Alternative
Mario,R&B / Soul
Marion McPherson,Other
Mark Ambor,Other
Mark Chesnutt,Country
Mark Gutierrez,Other
Mark II,Other
Mark Mancina,Other
Mark Morrison,Other
Mark Mothersbaugh,Other
Mark Ronson,Other
Maroon 5,Pop
Marshmello,EDM / Electronic
Martin Garrix,EDM / Electronic
Martin O'Donnell,Other
Marty Robbins,Country
Marvin Gaye,Other
Marvin Winans,Other
Marwan Moussa,Hip Hop / Rap
Masaru Yokoyama,Other
Masego,Other
Mashrou' Leila,Other
Masked Wolf,Other
Matchbox Twenty,Other
Matt Goss,Other
Matt Maeson,Other
Matt and Kim,Other
Matthew Ifield,Other
Mauricio Maia,Other
Max Dean,EDM / Electronic
Max McNown,Other
Maya Hawke,Other
Maya Kuriel,Other
Mazdem,Other
Mazzy Star,Pop
Mblue,Other
Mc Slug,Other
Mckyyy,Other
Meaghan Smith,Other
Medasin,Other
Meek Mill,Hip Hop / Rap
Megan Moroney,Country
Megan Thee Stallion,Other
Meghan Trainor,Other
Mehmet tekinol,Other
Meka,Other
Melanie Martinez,Other
Melodream,Other
Men I Trust,Pop
Meric Again,EDM / Electronic
MetaBoy,EDM / Electronic
Metallica,Rock / Alternative
Method Man,Hip Hop / Rap
Metric,Other
Metro Boomin,Other
Metro Exodus,Other
Mica Levi,Other
Michael Abels,Other
Michael Bublé,Other
Michael Cera,Other
Michael Giacchino,Other
Michael Hunter,Other
Michael Jackson,Other
Michael Kamen,Other
Michael Marcagi,Other
Michael Salvatori,Other
Michael Schulte,Other
Michelle Branch,Other
Michiru Yamane,Other
Mick Harvey,Other
Migos,Hip Hop / Rap
Miguel,R&B / Soul
Mike Oldfield,Rock / Alternative
Mike Posner,Other
Mike Shinoda,Other
Mike WiLL Made-It,Other
Mikolai Stroinski,Other
Miksu / Macloud,Hip Hop / Rap
Mild High Club,Other
Miley Cyrus,Other
Millo,Other
Millows,EDM / Electronic
Mimi Webb,Other
Mindless Self Indulgence,Other
Mint Condition,Other
Minzie,R&B / Soul
Mirah,Other
Miranda Lambert,Country
Misfit Milli,Other
Mishaal Tamer,Other
Miss Li,Pop
MisterNez,Other
Mitski,Other
Mobb Deep,Hip Hop / Rap
Moby,Other
Moderat,Other
Modest Mouse,Rock / Alternative
Molchat Doma,Other
Montell Fish,Other
Montgomery Gentry,Country
Monty Cotton,Other
Morgan Wallen,Country
Morphine,Other
Mos Def,Hip Hop / Rap
Mother Mother,Other
Motörhead,Rock / Alternative
Movie Sounds,Other
Movie Sounds Unlimited,Other
Mr. Probz,Other
Mr.Kitty,EDM / Electronic
Ms Krazie,Hip Hop / Rap
Ms. Lauryn Hill,R&B / Soul
Mumford & Sons,Other
Mumiy Troll,Other
Mumm-ra,Other
Munboi,Other
Muni Long,Other
Mura Masa,Other
Muse,Rock / Alternative
Mustard,Other
My Chemical Romance,Other
Mychael Danna,Other
Myke Towers,Latin
Mykki Blanco,Other
Myles Lloyd,Other
Myles Smith,Other
Myriam Gendron,Other
M|O|O|N,Other
MØ,Other
Måneskin,Other
N'John,Other
N.E.R.D,Other
NAV,Hip Hop / Rap
NAYM,R&B / Soul
NBSPLV,Other
NEIKED,Other
NEMESIS,EDM / Electronic
NEVE,Other
NF,Hip Hop / Rap
NIKI,R&B / Soul
NJOMZA,Other
NLE Choppa,Other
NO FEELS,EDM / Electronic
NXI,Other
Naeleck,EDM / Electronic
Naimos Riggerz,Other
Namira,Other
Nancy Ajram,Pop
Nardo Wick,Other
Nas,Hip Hop / Rap
Nat & Alex Wolff,Other
Natalie Holt,Other
Natalie Jane,Other
Natalie La Rose,Other
Natalie Taylor,Other
Natasha Bedingfield,Other
Nathan Johnson,Other
Nathan Whitehead,Other
Naughty Boy,Other
Nazaki,Other
Nbdy,R&B / Soul
Nck,Other
Ndotz,Other
Ne-Yo,Other
Nea,Other
Neal Acree,Other
Nebu Kiniza,Other
Neil Diamond,Other
Nelly,Other
Nelly Furtado,Other
Neon Trees,Other
Neoni,Other
Neptunica,EDM / Electronic
Nessa Barrett,Other
Nessi Gomes,Other
New West,Other
NewJeans,Pop
Niall Horan,Other
Nic Dean,R&B / Soul
Nicholas Bonnin,R&B / Soul
Nicholas Britell,Other
Nicholas Hooper,Other
Nick Cave & The Bad Seeds,Other
Nick Hissom,Other
Nick Jonas,Other
Nickelback,Other
Nicki Minaj,Other
Nicky Jam,Latin
Nicky Youre,Other
Nico & Vinz,Other
Night Acclaim,Other
Nightlite,Other
Niklas Dee,EDM / Electronic
Nikon,Other
NiloSerra,Other
Nina Simone,Other
Nine Inch Nails,Rock / Alternative
Nino Rota,Other
Nio Garcia,Latin
Nirvana,Other
No Angels,Other
No Doubt,Other
NoMBe,Other
Noah Cyrus,Other
Noah Kahan,Other
Nobuo Uematsu,Other
Noisettes,Other
Normani,Other
Nostalgic Feeling,Other
Nothing But Thieves,Other
Now O Later,EDM / Electronic
Nu,EDM / Electronic
O-Zone,Pop
O.T. Genasis,Other
OMI,Other
ONR,Other
OZORA,Other
Oasis,Pop
Octavian,Other
October Surprise,Other
Odetari,Pop
Of Monsters and Men,Pop
Offset,Other
Og1savage,Other
Oh No,Other
Oh Wonder,Other
Oingo Boingo,Other
Okay Kaya,Pop
Ola Strandh,Other
Old Dominion,Country
Old Gods of Asgard,Other
Oliver Cronin,Other
Oliver Damian,Other
Oliver Tree,Other
Olivia Bragoli,Other
Olivia Cox,Other
Olivia Dean,R&B / Soul
Olivia Fern,Other
Olivia Herdt,Other
Olivia Newton-John,Other
Olivia O'Brien,Other
Olivia Rodrigo,Other
Olivia Soli,Other
Ollie Twist,Other
Olly Alexander (Years & Years),Other
Olly Murs,Other
Omarion,R&B / Soul
Omido,R&B / Soul
One Direction,Other
OneRepublic,Pop
Opez,Other
Or Barak,Other
Orlando Kallen,Other
Orville Peck,Country
Orvyn Sol,Other
Oscar Maydon,Other
Oscen,R&B / Soul
Other Lives,Other
Otto Deburaux & the Clown Lounge,Other
Outkast,Hip Hop / Rap
Ovi Jozi,Other
Owl City,Other
Ozzy Osbourne,Rock / Alternative
P!nk,Other
P.A.B,Other
P.T. Adamczyk,Other
PARTYNEXTDOOR,R&B / Soul
PJ Harvey,Pop
PLAYAMANE,Other
PLAZA,R&B / Soul
POW,Other
PRAX,Other
PRETTYMUCH,Other
PSY,Pop
PUBLIC,Other
PVRIS,Other
Padre Tóxico,Hip Hop / Rap
Palaye Royale,Other
Paloma Faith,Other
Panic! At The Disco,Other
Papa Roach,Rock / Alternative
Paramore,Pop
Paris Hilton,Other
Paris Paloma,Other
Parker McCollum,Country
Parov Stelar,Other
Party Favor,Hip Hop / Rap
Passarella Death Squad,Other
Passenger,Pop
Pastel Ghost,EDM / Electronic
Patrick Doyle,Other
Patrick Watson,Other
Paul James,Other
Paul Russell,Other
Paulo Henrique David,Other
Pawel Blaszczak,Other
Peach Tree Rascals,Other
Peaches,Other
Peachy!,Other
Pearl Jam,Other
Peggy Gou,Other
Penelope Scott,Other
Penthox,EDM / Electronic
Percival Schuttenbach,Other
Perpetualll,EDM / Electronic
Peso Pluma,Other
Pet Shop Boys,Pop
Peter Bjorn and John,Rock / Alternative
Peter Nashel,Other
Phantogram,Other
Pharrell Williams,Other
Phay,Other
Phil Collins,Rock / Alternative
Phil Wickham,Other
Philip Glass,Other
Phillip Phillips,Pop
Phoebe Bridgers,Other
Pia Baris,Other
Pierce The Veil,Other
Pinar Toprak,Other
Pink Floyd,Rock / Alternative
Pink Sweat$,Other
PinkPantheress,Pop
Piotr Musiał,Other
Pirate Hunter,Other
Pistol Day Parade,Other
Pitbull,Other
Pixie Lott,Other
Pixies,Rock / Alternative
Plain White T's,Other
Playboi Carti,Hip Hop / Rap
Player1,Other
Polo G,Other
Polyphia,Rock / Alternative
Pools,Other
Pop Smoke,Hip Hop / Rap
Poppy,Other
Port Sulphur Band,Other
Porter Robinson,EDM / Electronic
Portishead,Other
Portugal. The Man,Other
Post Malone,Other
Poul,Other
Powfu,Other
Prasewon,Other
Precedence,Other
Pretenders,Other
Prezioso,EDM / Electronic
Prince Royce,Other
Princess Chelsea,Pop
Project North,Other
Provoker,Other
PsychoYP,Hip Hop / Rap
PuFFcorn,EDM / Electronic
Puddle Of Mudd,Other
Purity Ring,EDM / Electronic
Quality Control,Other
Quavo,Other
Queen,Rock / Alternative
Queen Latifah,Other
Queens of the Stone Age,Rock / Alternative
Quevedo,Other
Quincy Jones,R&B / Soul
R. Carlos Nakai,Other
R. City,Other
R. Kelly,R&B / Soul
R.E.M.,Pop
R2,Other
RAP VIỆT,Hip Hop / Rap
RAYE,Other
RHODES,Other
RIELL,Other
RL Grime,Hip Hop / Rap
ROSALÍA,Latin
ROSÉ,Pop
RXRXBBIT,Other
Raaban,Other
Rachel Platten,Other
Radiohead,Rock / Alternative
Rae Morris,Pop
Rae Sremmurd,Other
Raekwon,Hip Hop / Rap
Rag'n'Bone Man,Other
Raghav,Pop
Rainbow Kitten Surprise,Other
Raison Varner,Other
Rakim,Hip Hop / Rap
Ramin Djawadi,Other
Rammstein,Rock / Alternative
Randy Houser,Country
Randy Newman,Other
Rare Earth,Other
Rascal Flatts,Country
Rasheeda,Other
Rauw Alejandro,Latin
Ravyn Lenae,R&B / Soul
RealestK,Other
Reba McEntire,Country
Red Hot Chili Peppers,Rock / Alternative
Rednex,Other
Reed Wonder,R&B / Soul
Regard,Other
Regina Spektor,Other
Reginaldo de Oliveira,Other
Rema,Other
Reneé Rapp,Other
Reprobeater,EDM / Electronic
Restricted,EDM / Electronic
Retrospectre,Other
Revels,Other
Revline,Country
Rex Orange County,Pop
Rhiannon Giddens,Other
RiSi,Other
Rich Amiri,Hip Hop / Rap
Rich Brian,Hip Hop / Rap
Rich The Kid,Hip Hop / Rap
Richard Armitage,Other
Richard Hawley,Other
Richard Marx,Rock / Alternative
Richy Mitch & The Coal Miners,Other
Ricky Rich,Other
Riff Raff,Other
Right Right,Other
Rihanna,Other
Riley Green,Country
Rio Romeo,Other
Rising Appalachia,Other
Rising6,Other
Rita Ora,Other
Riton,EDM / Electronic
Ritt Momney,Pop
Rival,Other
Roar,Other
Rob $tone,Other
Rob Grant,Other
Rob Thomas,Other
Rob Wolf,Other
Robbie Williams,Other
Robert L. Euvino,Other
Robert Palmer,Rock / Alternative
Roberto Diana,Other
Robin Carolan,Other
Robin Schulz,EDM / Electronic
Robin Thicke,Other
Robyn,Pop
Rocco DeLuca,Other
Rockstar Jt,Hip Hop / Rap
Rod Stewart,Rock / Alternative
Rod Wave,Other
Roddy Ricch,Hip Hop / Rap
Roderic,EDM / Electronic
Rodney Atkins,Country
Rodrigo y Gabriela,Other
Roga.,Other
Rohan Saridena,Other
Ron Pope,Other
Rosa Linn,Other
Rosenfeld,R&B / Soul
Ross Copperman,Other
Rosse,Other
Roxette,Pop
Royal Blood,Rock / Alternative
Royel Otis,Rock / Alternative
Rudimental,Other
Ruelle,Other
Rumelis,R&B / Soul
Rumi,Other
Rupert Gregson-Williams,Other
Russ,Other
Russ Millions,Hip Hop / Rap
Russell Dickerson,Country
Russell Watson,Other
Ruth B.,Other
Rvssian,Hip Hop / Rap
Ryan Gosling,Other
Ryn Weaver,Other
SAINt JHN,Other
SALES,Pop
SAULT,Other
SEHORE,Other
SERA,Other
SHAED,Other
SIE Sound Team,Other
SIENNA SPIRO,Other
SOFIA ISELLA,Other
SOJA,Other
SPTEMBRR,Other
STFN,Other
SUICIDAL-IDOL,Pop
SUKI,Other
SUNDERWORLD,R&B / Soul
SYML,Other
SZA,R&B / Soul
Sabir,Other
Sabrina Carpenter,Pop
Sabrina Claudio,Other
Sad Puppy,EDM / Electronic
Sade,Other
Sadfriendd,Other
Safenokk,Other
Saint Avangeline,Other
Saint Motel,Other
Saja Boys,Other
Salami Rose Joe Louis,Pop
Sam & Dave,Other
Sam Austins,Other
Sam Bruno,Other
Sam Cardon,Other
Sam Feldt,EDM / Electronic
Sam Fender,Other
Sam Fischer,Other
Sam Hunt,Country
Sam Plourd,Other
Sam Smith,Pop
Sam Sparro,Other
Sam Tinnesz,Other
Samantha Lux,Other
Sammy Hagar,Rock / Alternative
Samuel Kim,Other
San Fernando Symphonic Assembly,Other
Sandra Iris,Other
Sandëro,Other
Santana,Other
Santigold,Other
Santo & Johnny,Rock / Alternative
Sara Bareilles,Other
Sara Kays,Other
Sarah Berg,Other
Sarah Cothran,Other
Sarah Jaffe,Other
Sarah Schachner,Other
Sasha Alex Sloan,Other
Savages,Other
Savant,Other
Sawano Hiroyuki,Other
Sawd Yute,Other
Saweetie,Other
ScHoolboy Q,Other
Scarlett Butler,Other
Scizzie,Other
Scoobert Doobert,Other
Score,Other
Scorpions,Rock / Alternative
Scott Benson Band,Other
Scotty McCreery,Country
Scouting For Girls,Other
Sea of Thieves,Other
Seafret,Other
Sean Callery,Other
Sean Dagher,Other
Sean Kingston,Other
Sean Murray,Other
Sean Paul,EDM / Electronic
Searows,Other
Sebastian Ingrosso,EDM / Electronic
Secretpath,Other
Seether,Other
Selena Gomez,Other
Selena Gomez & The Scene,Other
Senhit,Other
Serena,Other
Serena Kaya,Other
Sevdaliza,Other
Seven Kay,Other
Shaboozey,Other
Shaker,R&B / Soul
Shakira,Latin
Shania Twain,Country
Shanin Blake,Other
Shawn Mendes,Other
She & Him,Other
Sheck Wes,Other
Shehab,Hip Hop / Rap
Shelailai,Other
Shelita,Other
Shenandoah,Country
Sherine,Pop
Shiro SAGISU,Other
Shouse,Other
Shpongle,Other
Shuggie Otis,Other
Shy Smith,Other
Sia,Other
Sickick,Other
Sidewalks and Skeletons,EDM / Electronic
Siena Fantini,R&B / Soul
Sigala,Other
Siiickbrain,Other
Silentó,Other
Silverberg,Other
Sim Lakia,Other
Simon Curtis,Other
Simon Franglen,Other
Simple Plan,Pop
Sir Chloe,Other
Sista Prod,Other
Ski Mask The Slump God,Other
Skillet,Rock / Alternative
Skinny Dippers,Other
Skott,Other
Skrillex,Other
Skrizzly Adams,Other
Sky Ferreira,Other
Skylar Grey,Other
Slayyyter,Pop
Sleep Token,Rock / Alternative
Sleeping At Last,Other
Sleepy Hallow,Hip Hop / Rap
Slipknot,Rock / Alternative
Slowdive,Other
Slush Puppy,Other
Smash Mouth,Other
Smith & Liddle,Other
Snakehips,Other
Snoop Dogg,Other
Snow Patrol,Other
Snow Strippers,Other
SoMo,Other
Soap&Skin,Other
Sofi Tukker,Other
Sofia Camara,Other
Sofia Carson,Other
Sofia Mills,Other
Soft Cell,Pop
Sofía Reyes,Latin
Son Lux,Other
Sonic Youth,Rock / Alternative
Sonny Fodera,EDM / Electronic
Sonya Belousova,Other
Soolking,Hip Hop / Rap
Sophie Ellis-Bextor,Other
Sophie Thatcher,Other
Sopperior,Other
Sorana,Other
Soulja Boy,Other
Souls Of Mischief,Hip Hop / Rap
Sounds Kinda Good,Other
Sparky Deathcap,Other
Sped-O,Other
Spice,EDM / Electronic
Spice Girls,Other
Spongebob Squarepants,Other
Spotify,Other
Stacey Ryan,Other
Staind,Other
Stakz DeVito,Other
Stan Bush,Other
Stanza,Other
Starley,Other
Starship,Other
StaySolidRocky,Other
Steeg,Other
Stefflon Don,EDM / Electronic
Stelvio Cipriani,Other
Stephen Barton,Other
Stephen Dawes,Other
Stephen Sanchez,Other
Stereophonics,Pop
Steve Earle,Country
Steve Jablonsky,Other
Steve Lacy,Other
Steven Price,Other
Stevie Nicks,Other
Still Corners,Pop
Stimming x Lambert,Other
Sting,Rock / Alternative
Stone Canyons,Other
Strawberry Guy,Pop
Stray Currents,Other
Stromae,Pop
Suark,Other
Sufjan Stevens,Pop
Sugababes,Other
Sugar Jesus,Other
Sugarland,Country
Suki Waterhouse,Other
Sum 41,Pop
Summer Walker,R&B / Soul
Sunidhi Chauhan,Other
Superfruit,Other
Superheaven,Other
Superpoze,Pop
Surf Curse,Rock / Alternative
Surf Mesa,Other
Surfaces,Other
Surreal_dvd,Other
Survivor,Other
Suzanne Vega,Other
Swedish House Mafia,EDM / Electronic
Swingin' Neckbreakers,Rock / Alternative
Switch Disco,Other
Sydney Rose,Other
Sylvia Black,Other
System Of A Down,Rock / Alternative
T.I.,Hip Hop / Rap
T.V. Carpio,Other
TAILIAH BREON,Other
TAMMO,Other
THE ANXIETY,Other
THE RUMORS,Other
THE SCOTTS,Other
TIMBER,Other
TOMMYANDMARY,Other
TOOPOOR,Other
TOTO,Rock / Alternative
TRFN,EDM / Electronic
TV Girl,Other
TV On The Radio,Rock / Alternative
TWICE,Pop
Taene,Other
Taio Cruz,Other
Take That,Other
Tamba Tha God,Other
Tame Impala,Other
Tamio Okuda,Pop
Tarja Preta 013,Other
Tash Sultana,Other
Tate McRae,Other
Taylor Swift,Other
Tears For Fears,Other
Teddy,Hip Hop / Rap
Teddy Swims,Other
Teena Marie,Other
Ten Years After,Rock / Alternative
Tenseoh,Other
Tera Lynne Fister,Other
Terence Blanchard,Other
Terry Parks,Other
The 1975,Other
The 502s,Other
The All-American Rejects,Pop
The American Dawn,Other
The Animals,Rock / Alternative
The Band Perry,Country
The Beatles,Rock / Alternative
The Black Keys,Rock / Alternative
The Blue Notes,Other
The Calling,Pop
The Chainsmokers,Other
The Chemical Brothers,Other
The Chi-Lites,R&B / Soul
The Chicks,Country
The Cinematic Orchestra,Other
The City of Prague Philharmonic Orchestra,Other
The Cranberries,Other
The Donnas,Other
The Doors,Rock / Alternative
The Dubliners,Other
The Dø,Pop
The Eternal Dreamers,Other
The Evolved,Other
The Film Score Orchestra,Other
The Flight,Other
The Fray,Other
The Game,Hip Hop / Rap
The Goo Goo Dolls,Other
The Handsome Family,Other
The Haygoods,Other
The Heavy,Other
The Hellbenders,Rock / Alternative
The High Kings,Other
The Irish Rovers,Other
The Jackson 5,Other
The Jesus and Mary Chain,Other
The Kid LAROI,Other
The Killers,Rock / Alternative
The Kills,Rock / Alternative
The Kinks,Other
The Kooks,Rock / Alternative
The Last Dinner Party,Other
The Last Shadow Puppets,Pop
The Lively Ones,Rock / Alternative
The Loft Club,Other
The Lumineers,Pop
The Macarons Project,Other
The Mamas & The Papas,Rock / Alternative
The Marías,Pop
The Mutants,Other
The Mystics,Other
The Neighbourhood,Other
The Notorious B.I.G.,Hip Hop / Rap
The Outfield,Other
The Pharcyde,Hip Hop / Rap
The Platters,Other
The Police,Other
The Pretty Reckless,Other
The Pussycat Dolls,Other
The Queen Wasps,Other
The Rare Occasions,Other
The Rasmus,Rock / Alternative
The Raven Vox,Other
The Real Thing,Other
The Red Clay Strays,Country
The Red Jumpsuit Apparatus,Pop
The Relentless,Other
The Rolling Stones,Rock / Alternative
The Ronettes,Other
The Roots,Hip Hop / Rap
The Royal Philharmonic Concert Orchestra,Other
The Script,Other
The Secret Sisters,Other
The Skallywags,Other
The Smashing Pumpkins,Rock / Alternative
The Smiths,Other
The Sound Mind Network,Other
The Space Ocean,Other
The Strokes,Rock / Alternative
The Struts,Rock / Alternative
The Temper Trap,Other
The Temptations,Other
The Used,Other
The Vamps,Other
The Velvet Underground,Other
The Velveteers,Other
The Veronicas,Other
The Verve,Pop
The Walters,Other
The Wanted,Other
The War On Drugs,Rock / Alternative
The Weeknd,Other
The White Stripes,Rock / Alternative
The Wombats,Rock / Alternative
The Zombies,Pop
The xx,Other
TheDoDo,Hip Hop / Rap
Thierry Von Der Warth,EDM / Electronic
Third Vibes,Other
Thirty Seconds To Mars,Other
Thom Yorke,Other
Thomas Day,Other
Thomas Newman,Other
Thomas Rhett,Country
Thornetta Davis,Other
Three Days Grace,Other
Three Loco,Other
Tim McGraw,Country
Timbaland,Other
Timber Timbre,Other
Timmy Trumpet,Other
Timothée Chalamet,Other
Tinariwen,Other
Tinashe,R&B / Soul
Tinie Tempah,Other
Tiësto,EDM / Electronic
Toby Keith,Country
Toby Mai,R&B / Soul
Todrick Hall,Other
Tokio Hotel,Other
Tolou,Other
Tom Frane,Other
Tom Grennan,Other
Tom Hiddleston,Other
Tom Odell,Other
Tom Petty,Rock / Alternative
Tom Waits,Other
Tomcraft,Other
Tommee Profitt,Other
Tommy Richman,Other
Tones And I,Other
Toni dos Anjos,Other
Toosii,Other
Topic,Other
Toploader,Other
Tora,R&B / Soul
Tory Lanez,Other
Tove Lo,Other
Tracy Lawrence,Country
Traditional,Other
Train,Pop
Transviolet,Other
Trash Boat,Pop
Travie McCoy,Other
Travis Scott,Hip Hop / Rap
Travis Tritt,Country
Trevor Daniel,Other
Trevor Jones,Other
Trevor Morris,Other
Trevor Rabin,Other
Trey Songz,R&B / Soul
Trippie Redd,Hip Hop / Rap
Troy,Other
Troye Sivan,Other
Tsukasa Saitoh,Other
Tungevaag,Other
Tweekacore,Other
Twenty One Pilots,Other
Twin Shadow,Other
Two Door Cinema Club,Rock / Alternative
Two Feet,Other
Two Steps from Hell,Other
Two Worlds II,Other
Ty Dolla $ign,Hip Hop / Rap
Tyga,Other
Tyla,Other
Tyler Bates,Other
"Tyler, The Creator",Other
TØRISMAD,EDM / Electronic
TÚLIO PEREIRA,Other
U2,Rock / Alternative
ULTRA SUNN,Other
UMAII,Other
UPSAHL,Other
USHER,R&B / Soul
Uhfwea,Other
Umur Anil Gokdag,Other
Unaloon,Other
Unknown T,Hip Hop / Rap
Unlike Pluto,Other
Unloved,Other
VAMERO,EDM / Electronic
VCTRYS,Other
VIZE,EDM / Electronic
VNV Nation,Other
Vacations,Other
Valentin,Other
Valve Studio Orchestra,Other
Van Herpen,Other
Van Morrison,Other
Vance Joy,Pop
Vanessa Carlton,Other
Vanessa Da Mata,Other
Vanna Rainelle,R&B / Soul
Various Artists,Other
Vengaboys,EDM / Electronic
Verzache,Other
Vestron Vulture,Other
Vicarious Visions Audio,Other
Victoria Monét,R&B / Soul
Vida,Other
Video Game Players,Other
Video Games Live,Other
Vierre Cloud,Other
Vince Bello,Other
Vince Gill,Country
Vince Staples,Other
Virgil Howe,Other
Virtual Riot,Other
Visibly True,Other
Voncho,Hip Hop / Rap
Vundabar,Other
W Sound,Other
WALK THE MOON,Other
WILLOW,Other
WTE LIK,Other
WWE,Other
Wafia,Other
Waka Flocka Flame,Other
Wale,Other
Wallows,Rock / Alternative
Warpaint,Pop
Waylon Jennings,Country
Wayne Marshall,EDM / Electronic
Waytoolost,Other
Wegz,Hip Hop / Rap
Weisser Quiff,EDM / Electronic
Westerlund,EDM / Electronic
Westside Connection,Hip Hop / Rap
Weyes Blood,Pop
What Matters The Most,Other
Wheatus,Other
Wheeler Walker Jr.,Country
Whethan,Other
Whiskey Myers,Other
WhiteBuffs,Other
Whoopa,Other
Wilkinson,Other
Will Roush,Other
Will Smith,Other
Willamette Stone,Other
Willie Nelson,Country
Witt Lowry,Other
Wiz Khalifa,Hip Hop / Rap
WizTheMc,Other
Wizkid,Other
Wolf Alice,Rock / Alternative
Wolfgang Amadeus Mozart,Other
Wolfmother,Rock / Alternative
Woodkid,Other
Woody Jackson,Other
Wu-Tang Clan,Hip Hop / Rap
X,Other
X Ambassadors,Other
XO TEAM,Other
XXKATUSJINSUX,Other
XXXTENTACION,Hip Hop / Rap
XYLØ,Other
Xander Ward,Other
Xanemusic,Other
Xavi,Other
Y2K,Other
YALL,Other
YG,Other
YG Marley,Other
YGF DEVO,Other
YNW Melly,Hip Hop / Rap
YONAKA,Other
YULEE,Other
YUNG ALPO,Other
YUNGBLUD,Other
Yaima,Other
Yandel,Latin
Yasuharu Takanashi,Other
Yasunori Nishiki,Other
Yeah Yeah Yeahs,Rock / Alternative
Yeahman,Other
Yeat,Hip Hop / Rap
Yelawolf,Hip Hop / Rap
Ylvis,Other
Yng Lvcas,Latin
Yorina,Other
Yoshihisa Hirano,Other
Yot Club,Pop
You Me At Six,Pop
Young M.A,Other
Young Money,Other
Young Stoner Life,Other
Young Thug,Hip Hop / Rap
Young the Giant,Other
YoungBoy Never Broke Again,Other
Youngbloodz,Other
Your Anxiety Buddy,Other
Yuka Kitamura,Other
Yuki Hayashi,Other
Yung Gravy,Other
Yunggoth✰,Hip Hop / Rap
Yutaka Yamada,Other
ZAYN,Other
ZULAN,Other
Zach Bryan,Country
Zach Templar,Other
Zaid Khaled,Hip Hop / Rap
Zara Larsson,Other
Zauntee,Hip Hop / Rap
Zedd,EDM / Electronic
Zelda,Other
Zerb,EDM / Electronic
Zoe Wees,Other
Zombie Nation,Other
Zummer,Other
a-ha,Other
aeseaes,Other
aespa,Pop
akira2k,Other
alt-J,Rock / Alternative
bands<3,Other
bbno$,Other
beabadoobee,Pop
benny blanco,Other
blackbear,Other
blink-182,Pop
bôa,Other
carwash,Other
cassö,EDM / Electronic
chicago city,EDM / Electronic
chuck e. myers 'sea',Other
cowboy,Other
d4vd,Other
daigoro789,Other
davvn,Other
deer noir,Other
dreamsoda,Other
dreamy,Other
f(x),Pop
flora cash,Other
framed,Other
frumhere,Other
fun.,Other
gigi,Other
girl in red,Pop
gnash,Other
grandson,Other
hxnry,R&B / Soul
iamjakehill,Hip Hop / Rap
iamnotshane,Other
iñigo quintero,Other
jan2k1,Other
joegarratt,EDM / Electronic
kikomori,Other
kirkiimad,Other
kobzx2z,Other
lagosta,Hip Hop / Rap
lilster,Other
lovemyvictims,Other
lucidbeatz,Other
mansionz,Other
marble fade,Other
mavzy grx,EDM / Electronic
mazie,Other
mehro,Other
metr,Other
mgk,Other
midnight Berlin,EDM / Electronic
moow,Other
mrs.tissue,Other
my bloody valentine,Other
nbmusic,Other
nilu,Other
niteboi,EDM / Electronic
noturgf,Other
pearl,Other
ptasinski,Other
raysoo,Other
reclabs,Other
retz,Other
salem ilese,Other
salvia palth,Other
sapientdream,Other
shams,Other
shotty,Other
sleepy dawg,Other
slō,Other
sombr,Other
"sorry, alone",Other
sped up nightcore,Other
sped up viral,Other
st.James,Other
syre,Other
sûr faire,Other
t.A.T.u.,Other
the bird and the bee,Other
toon,Other
turndownn,Other
untrusted,Other
verifiziert,Rock / Alternative
weeklyn,Hip Hop / Rap
weknewnothing,Other
why mona,Other
will hyde,Other
will.i.am,Other
xoxomyah,Other
xxanteria,Other
ylsounds,Other
yung kai,Other
zandros,R&B / Soul
zukrassverliebt,Other
¥$,Other
Ängie,Other
Ólafur Arnalds,Other
Öwnboss,Other
加藤達也,Other
攬佬SKAI ISYOURGOD,Hip Hop / Rap
時瀬高等学校箏曲部,Other
桑原まこ,Other
梶浦 由記,Other
藤澤慶昌,Other
