artist,total_streams,bot_streams,flagged_days,total_days,years_active,max_spike_ratio,drop_events,bot_pct,confidence,note
2 Chainz,381422820.0,858997.0,1,736,3,3.0086051608987576,0.0,0.2,9.1,
21 Savage,1854459511.0,24417062.0,10,2286,5,3.586557650287448,2.0,1.3,11.0,
24kGoldn,677756334.0,8655301.0,3,400,3,3.737382405288584,0.0,1.3,11.5,
5 Seconds of Summer,1826377329.0,0.0,0,1305,3,2.2388536932887284,0.0,0.0,6.7,
6LACK,422159195.0,1829724.0,3,704,5,3.4762934551983022,0.0,0.4,10.6,
6ix9ine,1989589555.0,27020024.0,9,1567,3,4.425472209833536,3.0,1.4,13.6,
A Boogie Wit da Hoodie,1731999392.0,9205190.0,6,2130,4,4.012005548161545,2.0,0.5,12.2,
A$AP Ferg,163256844.0,0.0,0,280,4,3.552073695087895,0.0,0.0,10.7,
A$AP Rocky,673302163.0,4310361.0,5,742,3,3.4618302045578453,0.0,0.6,10.7,
A7S,455505490.0,0.0,0,227,2,1.3470511959373672,0.0,0.0,4.0,
AJR,307776165.0,0.0,0,353,4,2.45790164595657,0.0,0.0,7.4,
AURORA,97715447.0,0.0,0,115,3,2.0325311478949453,0.0,0.0,6.1,
Adele,191678287.0,0.0,0,268,4,1.8221426987838927,0.0,0.0,5.5,
Adriana Proenza,102404973.0,0.0,0,146,2,3.576532950633987,1.0,0.0,10.9,
Alan Walker,749380170.0,0.0,0,957,4,3.501669449913017,0.0,0.0,10.5,
Alec Benjamin,534590453.0,807367.0,1,502,3,3.621728189379567,0.0,0.2,10.9,
Alessia Cara,968201992.0,0.0,0,878,3,3.49442816109157,1.0,0.0,10.5,
Alex Rose,233744063.0,0.0,0,319,3,1.1480911288669666,0.0,0.0,3.4,
Ali Gatie,739547285.0,0.0,0,525,2,1.2737662429839707,0.0,0.0,3.8,
Almighty,161902915.0,657236.0,1,225,2,3.6209052320886332,0.0,0.4,11.0,
Aminé,308707174.0,0.0,1,414,4,2.349094534798567,1.0,0.0,7.2,
Anitta,597085199.0,585347.0,1,742,5,3.6233033793939096,1.0,0.1,11.0,
Anne-Marie,1733835965.0,0.0,0,1318,5,1.7042672218369703,0.0,0.0,5.1,
Ant Saunders,155886288.0,4306330.0,5,104,2,4.080114739424503,0.0,2.8,14.2,
Anuel AA,4903238436.0,7614770.0,3,4085,5,2.466083472622357,1.0,0.2,7.4,
Apache 207,248951013.0,0.0,0,290,3,1.4637324753239385,0.0,0.0,4.4,
Arcangel,622243418.0,0.0,1,573,4,1.266529282113835,0.0,0.0,3.9,
Ariana Grande,8250162499.0,165738462.0,41,4399,5,4.598391323855669,1.0,2.0,14.2,
Arizona Zervas,1184804054.0,15221912.0,4,413,3,2.0139421395198656,0.0,1.3,6.4,
Ava Max,1670731549.0,679782.0,1,1282,4,3.8356199938578155,0.0,0.0,11.5,
Avicii,1090265419.0,18640336.0,5,903,5,3.4977258253412273,0.0,1.7,10.7,
Axwell /\ Ingrosso,389332962.0,708025.0,1,382,2,3.550085261483711,0.0,0.2,10.8,
BIA,152988684.0,0.0,0,226,2,1.1027212223841216,0.0,0.0,3.3,
BLACKPINK,930669760.0,7790865.0,2,653,4,2.1111399712994636,0.0,0.8,6.5,
BROCKHAMPTON,235185705.0,2286699.0,10,244,3,3.390693429681136,0.0,1.0,11.8,
BTS,1316982494.0,20660514.0,5,900,4,3.2022866333676108,0.0,1.6,9.8,
Baby Keem,47267985.0,422090.0,2,148,2,3.5523089160025814,1.0,0.9,11.4,
Bad Bunny,10265550464.0,29074751.0,6,6538,5,3.6209052320886332,1.0,0.3,10.9,
Bastille,1571935909.0,0.0,0,761,4,1.3079460263753289,0.0,0.0,3.9,
Bazzi,1726371954.0,201189.0,2,1426,3,3.5910857598699306,2.0,0.0,10.9,
Bebe Rexha,1825505296.0,0.0,0,1813,4,3.4952109677628953,0.0,0.0,10.5,
Becky G,1216653283.0,835395.0,1,1135,4,3.6012835623877026,0.0,0.1,10.8,
Becky Hill,423546985.0,0.0,0,329,3,1.4011072393929644,0.0,0.0,4.2,
Beyoncé,401659360.0,1746582.0,2,331,4,2.1259386384042074,0.0,0.4,6.6,
Big Sean,754521744.0,11081795.0,8,1025,5,4.030843475783794,1.0,1.5,12.4,
Billie Eilish,9648415797.0,123074528.0,25,6224,4,4.962637400039775,10.0,1.3,15.1,
Billy Ray Cyrus,567624905.0,0.0,0,374,2,1.5044638753401878,0.0,0.0,4.5,
Bizarrap,123210177.0,0.0,0,95,3,1.200535310528923,0.0,0.0,3.6,
Black Eyed Peas,837737318.0,0.0,0,459,3,1.5393323350132706,0.0,0.0,4.6,
Blake Shelton,35371322.0,946193.0,4,125,3,3.843151258539406,0.0,2.7,12.8,
BlocBoy JB,864403655.0,0.0,0,519,2,1.6889531261862114,0.0,0.0,5.1,
Blueface,320096337.0,233728.0,2,397,2,3.8419266742279614,0.0,0.1,11.7,
Bonez MC,74355499.0,0.0,0,108,4,1.5128528115132096,0.0,0.0,4.5,
Bradley Cooper,1434815555.0,808165.0,1,784,4,2.1192489740261444,0.0,0.1,6.4,
Brett Young,40730516.0,0.0,0,196,2,1.1620258309565021,0.0,0.0,3.5,
Brooks,232154786.0,0.0,0,192,2,1.4543798144844349,0.0,0.0,4.4,
Brray,245943916.0,0.0,0,144,2,1.227831666764601,0.0,0.0,3.7,
Bruno Mars,2211812068.0,11408488.0,3,1452,4,3.5049072613497123,0.0,0.5,10.6,
Bryce Vine,93761612.0,0.0,0,192,2,3.5840393641121633,0.0,0.0,10.8,
Bryson Tiller,159100353.0,625580.0,3,728,4,3.0937250154924016,1.0,0.4,9.5,
Brytiago,485925219.0,0.0,0,469,2,3.232150046386249,0.0,0.0,9.7,
Burna Boy,97933929.0,0.0,0,94,2,1.2101847530467182,0.0,0.0,3.6,
BØRNS,108135687.0,0.0,0,120,2,2.89258909549642,0.0,0.0,8.7,
CNCO,358600639.0,527645.0,1,390,2,3.008092538274941,0.0,0.1,9.1,
Calboy,258816206.0,417141.0,2,441,3,3.505556757702996,0.0,0.2,10.7,
Calvin Harris,3111285601.0,16241266.0,8,1985,5,3.4577509836679927,0.0,0.5,10.5,
Camila Cabello,4024436201.0,31485619.0,4,2047,5,3.607784215526739,0.0,0.8,10.9,
Camilo,1064650755.0,0.0,0,984,4,3.2733415986010166,0.0,0.0,9.8,
Capital Bra,253577022.0,0.0,2,307,3,1.2159223600889437,0.0,0.0,3.9,
Cardi B,3404046086.0,83230361.0,15,2670,5,3.6011115777028953,2.0,2.4,11.1,
Carlos Vives,136938903.0,0.0,0,229,2,3.590875134376765,0.0,0.0,10.8,
Cashmere Cat,133189897.0,0.0,0,139,2,3.410067094613453,0.0,0.0,10.2,
Casper Magico,682893500.0,0.0,0,364,2,1.3543697973380473,0.0,0.0,4.1,
Cazzu,440162090.0,0.0,0,403,2,1.3092581294142418,0.0,0.0,3.9,
Chance the Rapper,1065391014.0,5968741.0,7,1321,5,3.3007962038973253,0.0,0.6,10.1,
Charlie Puth,889264524.0,1887901.0,2,700,3,3.4519846168116275,0.0,0.2,10.5,
Cheat Codes,489806637.0,1704582.0,2,421,2,1.5807831888801702,0.0,0.3,4.9,
Chencho Corleone,486521115.0,0.0,0,487,3,3.232150046386249,0.0,0.0,9.7,
Childish Gambino,905631333.0,40976697.0,9,724,4,4.732383984958141,1.0,4.5,14.7,
Chris Brown,1007236015.0,187535.0,3,878,5,2.7692391643027308,2.0,0.0,8.5,
Chris Jedi,215323591.0,0.0,1,209,3,2.0361644764261637,0.0,0.0,6.3,
Christian Nodal,93468791.0,0.0,0,118,3,2.0285302267714753,0.0,0.0,6.1,
City Girls,90436642.0,0.0,0,321,3,3.7284344718079385,0.0,0.0,11.2,
Clean Bandit,1698487762.0,3524721.0,2,1005,5,3.461366180085244,0.0,0.2,10.5,
Coldplay,1323013933.0,33879511.0,6,1169,5,2.479602329390046,0.0,2.6,7.6,
Comethazine,31207326.0,239889.0,1,125,2,3.6693512253108995,1.0,0.8,11.6,
Conan Gray,391469805.0,4229670.0,2,388,3,3.5806688789632615,2.0,1.1,11.1,
Cosculluela,161551861.0,0.0,0,200,3,3.232150046386249,0.0,0.0,9.7,
DJ Khaled,1894255336.0,27431829.0,8,866,5,3.5158156448844586,1.0,1.4,11.0,
DJ Luian,759373816.0,0.0,0,775,4,3.6209052320886332,0.0,0.0,10.9,
DJ Nelson,176810385.0,0.0,0,106,2,1.247322500659849,0.0,0.0,3.7,
DJ Snake,1791627122.0,14606476.0,5,985,4,1.4892697733966476,0.0,0.8,4.7,
Da,1044628169.0,7180884.0,3,614,4,1.8110176805258957,0.0,0.7,5.6,
DaBaby,3058798404.0,52647463.0,14,2786,3,3.537161020853168,0.0,1.7,10.8,
Daddy Yankee,5291612865.0,51001961.0,9,3627,5,3.7857659504123857,0.0,1.0,11.5,
Dalex,1452585161.0,0.0,0,1417,2,1.3092581294142418,0.0,0.0,3.9,
Dan + Shay,993982096.0,18591490.0,9,1841,4,3.4754131163395643,1.0,1.9,10.6,
Danny Ocean,605577887.0,0.0,0,574,3,1.2393440958255353,0.0,0.0,3.7,
Darell,1841322977.0,0.0,0,1243,4,3.232150046386249,0.0,0.0,9.7,
David Bowie,272294487.0,0.0,0,343,3,1.3593136609916658,0.0,0.0,4.1,
David Guetta,1822409849.0,2539977.0,2,1517,4,3.637603435671224,0.0,0.1,11.0,
Dean Lewis,953629888.0,759350.0,1,748,4,2.817103701863191,0.0,0.1,8.5,
Demi Lovato,739119178.0,2769034.0,2,612,3,3.597659891678183,1.0,0.4,11.0,
Dennis Lloyd,429992937.0,821339.0,1,259,2,2.629631171159634,0.0,0.2,8.0,
Desiigner,159054830.0,0.0,0,281,2,1.4762885558810774,0.0,0.0,4.4,
Dimitri Vegas,236144544.0,0.0,0,302,2,1.1752847731927407,0.0,0.0,3.5,
Diplo,1017128885.0,4651647.0,6,1263,4,2.376719046480854,0.0,0.5,7.3,
Disclosure,349563545.0,0.0,0,198,2,1.2885886418989263,0.0,0.0,3.9,
Doja Cat,1632485455.0,1998239.0,5,1090,3,3.573360686877897,0.0,0.1,10.9,
Dominic Fike,331307400.0,2753409.0,3,345,2,4.7067132395969615,0.0,0.8,14.5,
Don Omar,139944338.0,0.0,0,229,2,1.1297008418935839,0.0,0.0,3.4,
Don Toliver,622719608.0,1198350.0,2,476,3,2.955351227543723,0.0,0.2,9.0,
Drake,12412003187.0,382314801.0,68,8413,5,3.5417963598602946,5.0,3.1,11.0,
Dreamville,111280661.0,1568078.0,1,291,2,4.0513692556897,0.0,1.4,12.3,
Dua Lipa,4974288211.0,42726481.0,9,2795,5,3.5649941842662662,0.0,0.9,10.8,
Duki,119865634.0,0.0,0,143,4,1.152427425693402,0.0,0.0,3.5,
Dustin Lynch,25635165.0,0.0,0,120,2,1.1404614032035882,0.0,0.0,3.4,
Dynoro,693618620.0,681161.0,1,464,3,3.1538906153417563,0.0,0.1,9.5,
Dzeko,480485330.0,0.0,0,265,2,1.4794244395995204,0.0,0.0,4.4,
Dímelo Flow,656929105.0,0.0,0,566,2,1.2763947641471785,0.0,0.0,3.8,
Ed Sheeran,10421844638.0,269584903.0,40,7517,5,3.535920930976489,0.0,2.6,10.8,
El Alfa,96849065.0,0.0,0,122,3,1.436091100659678,0.0,0.0,4.3,
El Guincho,398793827.0,0.0,0,320,2,1.3467869366080696,0.0,0.0,4.0,
Ella Eyre,93709896.0,0.0,0,130,2,3.258962209327608,0.0,0.0,9.8,
Ella Mai,241607109.0,0.0,0,384,2,3.4863339788587164,0.0,0.0,10.5,
Elley Duhé,194063655.0,0.0,0,149,2,1.242693253617266,0.0,0.0,3.7,
Ellie Goulding,1043133575.0,0.0,0,854,4,2.936354053830455,1.0,0.0,8.8,
Eminem,2397466205.0,29460300.0,9,1875,5,3.5308020981542514,1.0,1.2,10.8,
Enrique Iglesias,424319436.0,2752329.0,2,373,2,3.614218236015868,0.0,0.6,11.1,
Famous Dex,496668681.0,0.0,0,628,2,3.561498906554761,0.0,0.0,10.7,
Farruko,2286465497.0,0.0,0,2067,5,3.33437249442642,1.0,0.0,10.0,
Feid,868339671.0,0.0,0,804,2,1.5425140700017768,0.0,0.0,4.6,
Felix Jaehn,67665600.0,977332.0,1,105,2,3.5655401152453505,0.0,1.4,11.1,
Fetty Wap,87648895.0,1497021.0,1,140,2,3.5545460064743466,0.0,1.7,10.9,
Fleetwood Mac,103576034.0,4373214.0,2,93,2,4.212439706170762,0.0,4.2,13.5,
Flipp Dinero,455042689.0,0.0,0,499,3,2.3605362960412144,0.0,0.0,7.1,
Florida Georgia Line,133497185.0,216134.0,1,455,5,2.9327608432275265,0.0,0.2,8.9,
Fousheé,107757268.0,0.0,0,99,2,2.416003114456268,0.0,0.0,7.2,
Frank Ocean,55754909.0,3766040.0,8,156,5,1.5988310463716953,0.0,6.8,6.8,
French Montana,1103630217.0,0.0,1,683,4,2.3358245224147747,1.0,0.0,7.1,
Funk Wav,864283194.0,6433020.0,6,405,2,1.5100110098762922,0.0,0.7,5.1,
Future,2876917908.0,77495123.0,26,2884,5,3.630328516549603,3.0,2.7,11.3,
G Herbo,117083035.0,1518824.0,1,224,3,2.1576963304773265,0.0,1.3,6.7,
G-Eazy,727334739.0,0.0,0,876,4,3.516523806296967,0.0,0.0,10.5,
Gabby Barrett,58480075.0,0.0,0,230,2,3.759069021549561,0.0,0.0,11.3,
Galantis,130627245.0,0.0,0,202,3,1.1304185323862916,0.0,0.0,3.4,
George Ezra,343824457.0,0.0,0,366,2,3.435058937921659,0.0,0.0,10.3,
Gesaffelstein,159352059.0,0.0,0,99,2,1.1377566894688154,0.0,0.0,3.4,
Gigi D'Agostino,693618620.0,681161.0,1,464,3,3.1538906153417563,0.0,0.1,9.5,
GoldLink,22251613.0,0.0,0,110,2,1.3623620192190227,0.0,0.0,4.1,
Goodboys,958710919.0,0.0,0,755,3,3.4980149300940653,0.0,0.0,10.5,
Grey,1224549633.0,4040934.0,2,846,5,2.5101096453573986,0.0,0.3,7.6,
Grouplove,43734417.0,0.0,0,183,2,1.1479148995659485,0.0,0.0,3.4,
Guaynaa,101071878.0,0.0,0,114,3,3.4208203547603717,2.0,0.0,10.8,
Gucci Mane,1146386217.0,2606729.0,5,1445,3,2.995733319516277,0.0,0.2,9.1,
Gunna,441838289.0,3981692.0,5,743,4,3.6632762294021184,2.0,0.9,11.3,
H.E.R.,236767804.0,892185.0,2,617,3,3.3949057846118094,2.0,0.4,10.4,
Hailee Steinfeld,802923647.0,829082.0,1,671,3,3.4692593900292628,1.0,0.1,10.5,
Halsey,3328443558.0,6462365.0,11,2357,5,3.380712479182334,1.0,0.2,10.3,
Harry Styles,2876078657.0,4761177.0,6,1590,5,3.732112369652461,0.0,0.2,11.3,
Haze,214317102.0,0.0,0,196,2,1.169640965523086,0.0,0.0,3.5,
Henrique,76026762.0,0.0,0,91,2,1.2692921561173212,0.0,0.0,3.8,
His Orchestra,168199242.0,8155530.0,11,138,3,2.9440801995415486,4.0,4.8,12.9,
Hozier,71542441.0,0.0,1,112,5,4.073671058894261,0.0,0.0,12.6,
ILLENIUM,315824210.0,1003518.0,4,286,3,3.233975089050208,0.0,0.3,10.3,
Idina Menzel,100861565.0,0.0,0,126,2,2.0325311478949453,0.0,0.0,6.1,
Imagine Dragons,3879506958.0,6754633.0,2,3182,5,1.9967803011415683,0.0,0.2,6.0,
Ina Wroldsen,109624425.0,0.0,0,121,2,2.017707159218994,0.0,0.0,6.1,
Internet Money,360591482.0,0.0,0,246,3,2.3064365559195634,0.0,0.0,6.9,
J Balvin,10161489695.0,12908919.0,6,7487,5,3.630328516549603,1.0,0.1,10.9,
J. Cole,2139713671.0,88248732.0,22,3037,5,2.96311820614321,4.0,4.1,9.2,
JACKBOYS,348331884.0,1143491.0,2,299,2,3.5554281323850208,1.0,0.3,11.0,
JAY-Z,93641546.0,4947994.0,1,127,3,1.4437879882687976,0.0,5.3,4.6,
JP Saxe,475433291.0,0.0,0,329,3,1.8325170701141693,0.0,0.0,5.5,
Jack,909554130.0,0.0,0,620,2,1.5290873155437985,0.0,0.0,4.6,
Jack Harlow,772481339.0,1309913.0,1,434,2,2.207608349126198,0.0,0.2,6.7,
James Arthur,1563208677.0,3001777.0,1,1487,5,3.488568615612399,1.0,0.2,10.5,
Jason Aldean,67933352.0,969746.0,4,262,4,2.491596793262716,0.0,1.4,8.1,
Jason Derulo,1270055958.0,0.0,0,635,4,3.5031546849240356,0.0,0.0,10.5,
Jason Mraz,285197815.0,0.0,0,447,3,1.1994986922914141,0.0,0.0,3.6,
Jawsh 685,464064750.0,0.0,0,134,2,1.7546790238267282,0.0,0.0,5.3,
Jax Jones,448840770.0,0.0,0,458,3,2.017707159218994,0.0,0.0,6.1,
Jay Rock,336737289.0,3972826.0,4,347,3,3.6312362945521794,0.0,1.2,11.4,
Jay Wheeler,176810385.0,0.0,0,106,2,1.247322500659849,0.0,0.0,3.7,
Jeremy Zucker,135933275.0,0.0,0,209,2,3.5915520019982754,0.0,0.0,10.8,
Jessie Reyez,554553471.0,0.0,0,361,2,1.6460858834846326,0.0,0.0,4.9,
Jhay Cortez,1021532860.0,25813867.0,3,679,3,1.4530331664970613,0.0,2.5,4.5,
Jhené Aiko,177292738.0,379464.0,1,385,4,3.0086051608987576,0.0,0.2,9.1,
Joel Corry,238639489.0,0.0,0,116,2,1.4878155651776914,0.0,0.0,4.5,
John Legend,518675230.0,0.0,0,723,5,2.0619494338168547,0.0,0.0,6.2,
John Mayer,99434640.0,3940288.0,7,102,4,4.4708652246026075,0.0,4.0,16.2,
Joji,507635193.0,9956613.0,9,949,4,3.379686415397104,11.0,2.0,10.9,
Jon Pardi,41096284.0,0.0,0,210,4,1.2149304908546312,0.0,0.0,3.6,
Jonas Blue,1208992270.0,1324085.0,2,1103,3,2.6114726420112135,0.0,0.1,7.9,
Jonas Brothers,1663801228.0,26617047.0,9,1187,2,3.8977783727154782,2.0,1.6,12.0,
Jorja Smith,131253783.0,0.0,0,144,3,1.3434373440933116,0.0,0.0,4.0,
Journey,94884782.0,1126852.0,2,151,4,2.161399742194521,1.0,1.2,7.2,
Jowell,525148846.0,0.0,0,348,5,1.37195185755982,0.0,0.0,4.1,
Joyner Lucas,72081279.0,398791.0,4,137,4,1.9091370149734341,0.0,0.6,6.9,
Juanka,245943916.0,0.0,0,144,2,1.227831666764601,0.0,0.0,3.7,
Juhn,321003096.0,0.0,0,281,3,1.2564534301381014,0.0,0.0,3.8,
Juice WRLD,7552304416.0,231544498.0,61,7670,4,5.613162147381098,11.0,3.1,6.88,⚠️ Death/tribute spike detected — results may be inflated
Julia Michaels,715227190.0,7327806.0,7,486,4,4.657453431798371,1.0,1.0,14.6,
Juliano,76026762.0,0.0,0,91,2,1.2692921561173212,0.0,0.0,3.8,
Justin Bieber,4079179662.0,65433989.0,15,2091,5,3.5304505771678025,0.0,1.6,10.9,
Justin Quiles,1118070458.0,0.0,0,1237,4,1.5425140700017768,0.0,0.0,4.6,
Justin Timberlake,487909690.0,15007820.0,12,446,3,4.930709081314544,0.0,3.1,15.9,
KAROL G,2719681462.0,7394283.0,3,1632,5,3.597211280677223,0.0,0.3,10.9,
KHEA,373705874.0,0.0,0,299,3,1.3092581294142418,0.0,0.0,3.9,
KYLE,772611567.0,4198015.0,3,549,3,2.9283969510445136,0.0,0.5,9.0,
Kane Brown,534284275.0,6813391.0,8,982,5,3.4592808339478758,2.0,1.3,10.8,
Kanye West,1291792473.0,17478382.0,14,997,4,1.8032392933771622,0.0,1.4,6.0,
Katy Perry,948416329.0,689183.0,1,730,4,1.545227380372817,0.0,0.1,4.7,
Keala Settle,229948387.0,1324565.0,2,246,2,3.48607704861579,0.0,0.6,10.8,
Kehlani,188886537.0,1798934.0,3,208,3,2.0604817235870168,1.0,1.0,6.9,
Kelsea Ballerini,158789504.0,0.0,0,190,3,1.7270384778784775,0.0,0.0,5.2,
Kendrick Lamar,3921087969.0,88545326.0,18,3133,5,3.485180269355891,9.0,2.3,10.8,
Kesha,106617172.0,4275453.0,12,128,2,1.476889006511847,0.0,4.0,8.2,
Kevin Roldan,75402676.0,707910.0,1,108,2,3.2584015385783798,0.0,0.9,10.1,
Khalid,6305327358.0,23048611.0,10,5596,4,3.5472413942648244,8.0,0.4,10.8,
Kid Cudi,452664189.0,640817.0,2,191,3,3.0115823481945343,2.0,0.1,9.8,
Kina,412620352.0,1822571.0,2,552,3,3.576532950633987,1.0,0.4,10.9,
King Princess,126096503.0,1212259.0,4,136,2,4.612087128090136,0.0,1.0,15.0,
Kodak Black,2033116227.0,40175720.0,10,2387,3,4.885990200026754,2.0,2.0,14.9,
Kris Kross Amsterdam,122906462.0,707051.0,1,137,2,2.7394050124894354,0.0,0.6,8.5,
Kygo,2499113028.0,6976814.0,2,1796,4,3.5565816329064264,0.0,0.3,10.7,
Kyla,542202568.0,228829.0,1,502,5,1.5019942222953577,0.0,0.0,4.6,
LANY,155090186.0,0.0,0,152,4,2.52395209936707,0.0,0.0,7.6,
LSD,326302356.0,0.0,1,316,2,1.5932836316677603,0.0,0.0,4.9,
Labrinth,481548131.0,2472613.0,3,459,4,2.320191511619698,0.0,0.5,7.2,
Lady Gaga,2622977383.0,35353191.0,8,1634,5,3.0965734150400546,0.0,1.3,9.5,
Lalo Ebratt,166481394.0,0.0,0,173,2,1.214012484124789,0.0,0.0,3.6,
Lana Del Rey,164758611.0,3228935.0,4,210,3,3.2728520016070988,0.0,2.0,10.6,
Lauv,2118059343.0,2797029.0,5,1851,4,3.5313045833683603,0.0,0.1,10.7,
Lee Brice,42229873.0,0.0,0,177,3,2.092633163346577,0.0,0.0,6.3,
Lele Pons,128544219.0,0.0,0,138,3,1.707644450784975,0.0,0.0,5.1,
Lennon Stella,93845821.0,0.0,0,139,3,3.705778890491055,1.0,0.0,11.3,
Lennox,837260243.0,0.0,0,943,5,1.3326302841974054,0.0,0.0,4.0,
Lenny Tavárez,1601871835.0,0.0,0,1592,4,1.3092581294142418,0.0,0.0,3.9,
Lewis Capaldi,2817708048.0,2928649.0,1,1401,3,3.6330742910166443,0.0,0.1,10.9,
Liam Payne,669161436.0,2383269.0,2,432,4,3.467996580880654,0.0,0.4,10.6,
Like Mike,218549172.0,0.0,0,270,2,1.1752847731927407,0.0,0.0,3.5,
Lil Baby,2723011235.0,2430909.0,3,3469,4,3.713236271866415,0.0,0.1,11.2,
Lil Dicky,460570898.0,0.0,0,239,2,1.6798580139025305,0.0,0.0,5.0,
Lil Durk,32357882.0,0.0,0,113,3,1.279038602767018,0.0,0.0,3.8,
Lil Mosey,1367576640.0,0.0,0,1206,4,3.6056986319482034,0.0,0.0,10.8,
Lil Nas X,2703416442.0,39459594.0,15,1283,3,3.7301142187291645,1.0,1.5,11.7,
Lil Peep,464518155.0,9275539.0,9,368,4,3.4973120956800985,0.0,2.0,4.6000000000000005,⚠️ Death/tribute spike detected — results may be inflated
Lil Pump,684773925.0,2653624.0,2,596,4,3.595551106406631,1.0,0.4,11.0,
Lil Skies,720615448.0,1550377.0,2,1796,3,3.5295549523932617,4.0,0.2,10.7,
Lil Tecca,1424111709.0,1996218.0,2,1178,3,4.048556465698476,0.0,0.1,12.2,
Lil Tjay,242648357.0,2085509.0,2,521,3,3.5657636464436084,0.0,0.9,10.9,
Lil Uzi Vert,3548544622.0,104434511.0,37,5055,5,3.537852333864482,5.0,2.9,10.9,
Lil Wayne,862620872.0,56917364.0,15,862,4,1.621280810312386,0.0,6.6,5.6,
Lil Yachty,233321213.0,5124912.0,4,562,4,3.563055282772965,2.0,2.2,11.1,
Linkin Park,150935822.0,9532722.0,5,194,3,2.918068873224308,0.0,6.3,9.8,
Little Mix,381830460.0,0.0,0,413,4,1.4508764162375956,0.0,0.0,4.4,
Lizzo,1350251612.0,9137317.0,8,1103,3,4.558335759461571,1.0,0.7,14.0,
Logic,1382634708.0,19080091.0,13,1608,4,3.7007100057994387,3.0,1.4,11.5,
London On Da Track,63908145.0,0.0,0,108,2,1.1862881166679682,0.0,0.0,3.6,
Lord Huron,143819380.0,808037.0,1,158,3,1.3402642497317174,0.0,0.6,4.3,
Lorde,272418942.0,173842.0,1,250,2,2.370616093132469,0.0,0.1,7.3,
Loud Luxury,565847244.0,0.0,0,465,2,3.5847258886459747,0.0,0.0,10.8,
Louis Tomlinson,331405706.0,0.0,0,215,2,1.5912134352065483,0.0,0.0,4.8,
Luis Fonsi,2259817345.0,88278639.0,14,1015,4,3.803446809776061,0.0,3.9,12.0,
Lukas Graham,332237333.0,0.0,0,394,3,1.272162890769146,0.0,0.0,3.8,
Luke Bryan,28256793.0,210075.0,1,121,3,3.591830781722441,0.0,0.7,11.1,
Luke Combs,546474633.0,5582630.0,10,2122,5,4.9775453736310515,1.0,1.0,15.1,
Lunay,787065915.0,0.0,0,621,2,1.2308660973152266,0.0,0.0,3.7,
MAX,104825053.0,0.0,0,197,3,3.7172803009943562,0.0,0.0,11.2,
MEDUZA,1004650735.0,0.0,0,796,3,3.4980149300940653,0.0,0.0,10.5,
MERO,80383378.0,0.0,0,96,2,1.1773908082965217,0.0,0.0,3.5,
Mabel,602076847.0,0.0,0,443,3,1.5356441393424063,0.0,0.0,4.6,
Mac Miller,368598096.0,25779305.0,16,446,4,4.660272009684632,2.0,7.0,6.24,⚠️ Death/tribute spike detected — results may be inflated
Machine Gun Kelly,565688099.0,5091661.0,5,573,5,3.493417938272269,1.0,0.9,10.9,
Macklemore,199259477.0,788865.0,2,181,5,2.009964130497967,0.0,0.4,6.5,
MadeinTYO,154774667.0,0.0,0,482,4,2.0962392560069363,0.0,0.0,6.3,
Madison Beer,217222736.0,4691802.0,9,243,4,2.4772364709397627,0.0,2.2,8.9,
Maggie Lindemann,287138381.0,0.0,0,161,2,1.991567257910734,0.0,0.0,6.0,
Major Lazer,977443279.0,2130759.0,2,1017,4,1.587413063507237,0.0,0.2,4.8,
Maluma,2599751460.0,20852437.0,4,2295,5,3.637824110824845,0.0,0.8,11.0,
Mambo Kingz,759373816.0,0.0,0,775,4,3.6209052320886332,0.0,0.0,10.9,
Manuel Turizo,1331351613.0,1487071.0,2,1286,5,3.2733415986010166,0.0,0.1,9.9,
Maren Morris,1063380503.0,4875474.0,3,862,5,2.65855654818188,0.0,0.5,8.1,
Mark Ronson,585310638.0,207357.0,1,433,5,2.236846151081146,0.0,0.0,6.8,
Maroon 5,3266042463.0,13535647.0,9,1965,5,3.523155562873266,2.0,0.4,10.8,
Marshmello,4287053943.0,4048126.0,1,2894,5,3.5472413942648244,2.0,0.1,10.7,
Martin Garrix,1895960899.0,611696.0,1,1314,3,3.5109561558273996,0.0,0.0,10.6,
Martin Jensen,319701662.0,0.0,0,240,2,3.488568615612399,1.0,0.0,10.6,
Mau y Ricky,572558999.0,1093062.0,2,607,2,3.2733415986010166,0.0,0.2,10.0,
Mc Zaac,103665272.0,0.0,0,139,3,3.6170505870633294,0.0,0.0,10.9,
Meek Mill,935659189.0,7921099.0,6,862,4,4.260176489560375,1.0,0.8,13.1,
Megan Thee Stallion,824971383.0,14436761.0,7,878,3,3.3192768940607094,0.0,1.7,10.3,
Melanie Martinez,225239538.0,0.0,1,173,2,2.247490535143269,1.0,0.0,7.1,
Metro Boomin,883957611.0,2418625.0,4,1357,5,3.5390518125854995,1.0,0.3,10.8,
Michael Bublé,501314690.0,18447732.0,12,266,3,3.9666511127305846,0.0,3.7,13.7,
Migos,2404557435.0,38522167.0,19,2756,5,3.981942515496371,3.0,1.6,12.3,
Miguel,355863135.0,0.0,0,344,2,3.533269678656649,0.0,0.0,10.6,
Mike WiLL Made-It,59205158.0,0.0,0,246,3,1.2759558518627385,0.0,0.0,3.8,
Miley Cyrus,663983235.0,5484768.0,6,423,5,3.278204103587415,1.0,0.8,10.5,
Moneybagg Yo,26385349.0,0.0,0,105,2,1.1208100277956596,0.0,0.0,3.4,
Morgan Wallen,365348779.0,13106726.0,12,1138,4,3.718331941618327,1.0,3.6,11.6,
Murda Beatz,125188389.0,0.0,0,205,3,2.7801528852472943,0.0,0.0,8.3,
Mustard,1089614249.0,0.0,0,1043,4,2.28417846554655,0.0,0.0,6.9,
Myke Towers,1123853880.0,657236.0,1,958,3,2.6663605036759845,0.0,0.1,8.0,
NAV,496261298.0,2921269.0,4,1118,4,3.593616291666342,1.0,0.6,11.0,
NF,416989424.0,8404064.0,12,534,2,3.516483163013483,6.0,2.0,11.8,
NLE Choppa,741969977.0,1738184.0,4,1067,3,3.5100925610914935,1.0,0.2,10.7,
NOTD,124260734.0,1785040.0,2,132,2,3.5655401152453505,0.0,1.4,11.3,
Nacho,263232636.0,0.0,0,452,2,2.4839704178558595,0.0,0.0,7.5,
Nate Dogg,85126100.0,0.0,0,183,2,2.62512929486153,0.0,0.0,7.9,
Natti Natasha,1284194038.0,1952371.0,1,1288,4,3.425149116258822,0.0,0.2,10.3,
Niall Horan,448566399.0,0.0,0,328,5,1.6871258553463566,0.0,0.0,5.1,
Nicki Minaj,2042341015.0,1746557.0,3,1678,5,4.322107019536047,1.0,0.1,13.1,
Nicky Jam,3498434218.0,612459.0,1,2769,5,2.3313469240826863,0.0,0.0,7.0,
Nio Garcia,987818901.0,0.0,0,534,4,1.3543697973380473,0.0,0.0,4.1,
Nipsey Hussle,72746976.0,5688032.0,12,165,3,2.981195348910606,2.0,7.8,4.88,⚠️ Death/tribute spike detected — results may be inflated
Noah Cyrus,440566477.0,2256541.0,4,505,5,3.9708168691123817,2.0,0.5,12.3,
Noriel,102017018.0,657236.0,1,161,2,2.6663605036759845,0.0,0.6,8.2,
Normani,155530608.0,0.0,0,103,3,1.1988016363815706,0.0,0.0,3.6,
Oasis,355017720.0,0.0,0,585,5,1.3057544873029596,0.0,0.0,3.9,
Ofenbach,88404367.0,0.0,0,139,3,1.1859493074409904,0.0,0.0,3.6,
Offset,915031116.0,1118013.0,2,1142,4,3.5390518125854995,1.0,0.1,10.7,
Old Dominion,89197121.0,0.0,0,365,4,3.552430409356725,0.0,0.0,10.7,
Olivia Rodrigo,552440599.0,18629459.0,4,246,3,2.6449228122749475,0.0,3.4,8.6,
OneRepublic,700177490.0,1438609.0,2,591,5,1.6477072327968438,0.0,0.2,5.1,
Ozuna,6215410297.0,9891090.0,5,5211,5,3.6209052320886332,0.0,0.2,10.9,
P!nk,208593460.0,0.0,0,218,4,3.505774088121222,0.0,0.0,10.5,
PARTYNEXTDOOR,281203762.0,0.0,0,395,4,2.1461614355158134,1.0,0.0,6.5,
Panic! At The Disco,1141398779.0,3050718.0,8,1018,4,4.650023514457287,0.0,0.3,14.3,
Passenger,77213737.0,0.0,0,141,3,1.6345080014567015,0.0,0.0,4.9,
Paulo Londra,1156115949.0,0.0,0,1036,2,1.3368481311408686,0.0,0.0,4.0,
Pedro Capó,958369477.0,0.0,0,636,3,3.33437249442642,0.0,0.0,10.0,
Pharrell Williams,203862307.0,0.0,0,320,4,3.2980154326563267,0.0,0.0,9.9,
Piso 21,830564914.0,2475267.0,2,995,4,3.634312892321953,0.0,0.3,11.0,
Playboi Carti,419689884.0,3321864.0,2,646,5,2.4834665836863024,0.0,0.8,7.6,
PnB Rock,166238453.0,0.0,0,659,3,3.845918060139502,1.0,0.0,11.6,
Polo G,1016086395.0,2029432.0,3,1312,3,3.525901720586641,0.0,0.2,10.7,
Pop Smoke,1425328787.0,11280590.0,10,994,3,5.271777898270831,2.0,0.8,6.5200000000000005,⚠️ Death/tribute spike detected — results may be inflated
Portugal. The Man,317282444.0,0.0,0,320,5,3.5680779841239216,0.0,0.0,10.7,
Post Malone,16922398044.0,295615190.0,49,11001,5,4.039402978904116,10.0,1.7,12.3,
Powfu,788450554.0,0.0,0,252,2,1.4426618717096944,0.0,0.0,4.3,
Preme,480485330.0,0.0,0,265,2,1.4794244395995204,0.0,0.0,4.4,
Prince Royce,318070387.0,0.0,0,350,3,3.474766212305018,0.0,0.0,10.4,
Punk,1044628169.0,7180884.0,3,614,4,1.8110176805258957,0.0,0.7,5.6,
Quality Control,264261490.0,0.0,0,419,3,3.563055282772965,0.0,0.0,10.7,
Quavo,2621034116.0,1923889.0,6,2059,5,3.564304387533387,2.0,0.1,10.8,
Queen,2467338608.0,3363882.0,1,2475,5,3.5217590330143453,0.0,0.1,10.6,
RAYE,470308034.0,0.0,0,454,3,1.2833146492192269,0.0,0.0,3.8,
ROSALÍA,1012314236.0,0.0,0,701,3,1.3467869366080696,0.0,0.0,4.0,
Rae Sremmurd,874144450.0,3746064.0,5,926,3,3.965738675780423,2.0,0.4,12.2,
Rafa Pabön,580813932.0,0.0,0,563,2,3.232150046386249,0.0,0.0,9.7,
Randy,525148846.0,0.0,0,348,5,1.37195185755982,0.0,0.0,4.1,
Rauw Alejandro,1351336267.0,657236.0,1,1240,4,2.6663605036759845,0.0,0.0,8.0,
Regard,721195152.0,0.0,0,498,3,3.538553786399212,0.0,0.0,10.6,
Reik,795346314.0,0.0,0,729,3,1.3369760139376667,0.0,0.0,4.0,
Rich Music LTD,215501701.0,0.0,0,225,2,1.2686010018949092,0.0,0.0,3.8,
Rich The Kid,763279008.0,2194979.0,2,870,3,3.622306173581456,2.0,0.3,11.0,
Ricky Martin,141555836.0,0.0,0,214,2,3.3570220368282757,0.0,0.0,10.1,
Rihanna,580120665.0,284245.0,1,737,3,3.2980154326563267,0.0,0.0,9.9,
Rita Ora,792860848.0,1444309.0,1,664,3,3.1944046686214045,0.0,0.2,9.6,
Robin Schulz,450488996.0,1704582.0,2,505,5,1.325919702762241,0.0,0.4,4.1,
Rod Wave,155413830.0,487359.0,2,323,2,3.6087594465392927,0.0,0.3,11.1,
Roddy Ricch,2248645396.0,77903497.0,16,1358,4,3.6095693024357507,3.0,3.5,11.4,
Romeo Santos,661731698.0,0.0,0,771,4,1.9938374779530461,0.0,0.0,6.0,
Rudimental,544182068.0,4021768.0,3,399,3,3.6080365143891946,0.0,0.7,11.1,
Russ,193162794.0,3876947.0,5,808,4,2.6738918703626906,2.0,2.0,8.3,
SAINt JHN,1047551723.0,829137.0,1,327,3,3.527568096293889,0.0,0.1,10.7,
SHAED,272057592.0,0.0,0,191,3,3.6299104925795462,0.0,0.0,10.9,
SZA,351130928.0,0.0,0,575,5,3.4577509836679927,0.0,0.0,10.4,
Sabrina Carpenter,256869725.0,1324085.0,2,282,3,2.6114726420112135,0.0,0.5,8.1,
Sam Feldt,220945207.0,1209845.0,2,199,2,3.3746388574320854,0.0,0.5,10.5,
Sam Hunt,386058942.0,0.0,2,551,5,3.1523305743285595,1.0,0.0,9.7,
Sam Smith,2381800298.0,3287842.0,2,1818,5,3.467500694040596,0.0,0.1,10.4,
Samra,145805695.0,0.0,0,165,2,1.0949777324136636,0.0,0.0,3.3,
Sandro Cavazza,180063011.0,0.0,0,169,3,1.3059505687219994,0.0,0.0,3.9,
Saweetie,143758404.0,2819478.0,2,269,3,3.4291324403767067,0.0,2.0,10.6,
ScHoolboy Q,178020432.0,1981244.0,1,269,2,3.7320932208218727,0.0,1.1,11.3,
Sean Paul,410430217.0,835395.0,1,462,3,3.462302029034462,0.0,0.2,10.5,
Sebastian Yatra,1008639565.0,1666950.0,3,1301,5,3.6008472867137566,0.0,0.2,10.9,
Sech,2827540583.0,0.0,0,2281,3,1.7401537045862847,0.0,0.0,5.2,
Selena Gomez,2105847758.0,29468608.0,4,1254,5,3.522978851099513,0.0,1.4,10.7,
Shakira,861055118.0,2405496.0,2,866,4,1.552219283431084,0.0,0.3,4.7,
Shawn Mendes,4376404743.0,46786144.0,7,2605,5,2.3515776690026207,0.0,1.1,7.2,
Sheck Wes,740562383.0,262070.0,1,439,3,3.2978054059495645,0.0,0.0,10.0,
Shelley FKA DRAM,223634535.0,0.0,0,282,2,2.0376251447792217,2.0,0.0,6.3,
Sia,1039477176.0,0.0,1,1095,5,3.546201750588059,0.0,0.0,10.7,
Silk City,241095870.0,0.0,0,185,2,1.3253914960136257,0.0,0.0,4.0,
Ski Mask The Slump God,329774080.0,0.0,0,648,3,2.1340797408928744,0.0,0.0,6.4,
Slim Jxmmi,326500541.0,3746064.0,5,374,2,3.965738675780423,2.0,1.1,12.6,
Smokepurpp,62891628.0,0.0,0,194,3,2.513605807021454,0.0,0.0,7.5,
Snow,813361216.0,0.0,0,396,2,1.4499024863084162,0.0,0.0,4.3,
Social House,58272830.0,206799.0,1,197,2,3.518109505211814,2.0,0.4,11.1,
Sofía Reyes,317963258.0,0.0,0,281,2,1.447609097281684,0.0,0.0,4.3,
StaySolidRocky,366331632.0,4606947.0,4,169,2,3.18744983543256,0.0,1.3,10.5,
Steve Aoki,270427909.0,0.0,0,204,2,1.1913640766359768,0.0,0.0,3.6,
Stormzy,193527412.0,0.0,0,201,3,1.2101847530467182,0.0,0.0,3.6,
Stunna 4 Vegas,124752589.0,0.0,0,216,2,2.268666560450597,0.0,0.0,6.8,
Summer Walker,91879452.0,3352864.0,4,201,2,3.5052174214497844,1.0,3.6,11.5,
Surf Mesa,414839705.0,0.0,0,194,2,1.3452673823512047,0.0,0.0,4.0,
Surfaces,576646770.0,4549836.0,8,264,2,3.6052563312018506,0.0,0.8,12.0,
Swae Lee,3375565324.0,11151097.0,8,1573,5,3.965738675780423,3.0,0.3,12.2,
Swizz Beatz,81440203.0,0.0,0,132,2,1.1117708144333478,0.0,0.0,3.3,
THE SCOTTS,434386324.0,0.0,0,157,2,3.0115823481945343,2.0,0.0,9.4,
TOKYO’S REVENGE,90754519.0,0.0,0,134,2,2.3579135962012856,0.0,0.0,7.1,
TOTO,331008755.0,0.0,0,457,3,1.438790891932507,0.0,0.0,4.3,
TWICE,82134658.0,0.0,0,103,3,1.3265281670280786,0.0,0.0,4.0,
Tainy,1104333159.0,0.0,0,645,2,1.5009752697889827,0.0,0.0,4.5,
Tame Impala,290852845.0,5499776.0,10,473,3,3.570978097277733,7.0,1.9,12.0,
Tate McRae,215540490.0,0.0,0,104,2,1.2976092800417665,0.0,0.0,3.9,
Taylor Swi,2978144708.0,85974451.0,23,2094,5,3.4318229175466164,2.0,2.9,10.8,
Tee Grizzley,102694067.0,0.0,0,431,3,1.8117066570103695,0.0,0.0,5.4,
Thalia,110040377.0,0.0,0,132,2,1.5358796326655877,0.0,0.0,4.6,
The Chainsmokers,4991153618.0,42675407.0,10,4017,5,3.4856915174449408,0.0,0.9,10.6,
The Creator,622252047.0,6047722.0,2,908,5,3.963555522701592,1.0,1.0,12.0,
The Greatest Showman Ensemble,235896213.0,2674876.0,4,256,2,3.48607704861579,0.0,1.1,11.1,
The Kid LAROI,331601675.0,8264981.0,1,261,2,2.9029957978049286,0.0,2.5,8.9,
The Killers,173099297.0,925193.0,1,307,5,3.2272852341256515,2.0,0.5,10.0,
The Neighbourhood,157898641.0,0.0,0,132,2,2.824628260031134,1.0,0.0,8.7,
The Police,66176192.0,0.0,0,102,3,1.281061389448724,0.0,0.0,3.8,
The Weeknd,5751691937.0,179906415.0,43,3496,5,3.63465481768357,5.0,3.1,11.4,
Thomas Rhett,187252013.0,0.0,0,637,4,3.7574831585526773,2.0,0.0,11.4,
Tiësto,642222795.0,0.0,0,418,5,1.4794244395995204,0.0,0.0,4.4,
Tom Walker,104025996.0,0.0,0,150,2,3.362770070655466,0.0,0.0,10.1,
Tones And I,2202913710.0,17827565.0,3,619,3,3.838040453756231,0.0,0.8,11.7,
Topic,455505490.0,0.0,0,227,2,1.3470511959373672,0.0,0.0,4.0,
Tory Lanez,671447686.0,1389374.0,3,820,4,3.8498645923702783,3.0,0.2,11.8,
Travis Scott,7145676893.0,79636337.0,19,5764,5,5.229985234611163,12.0,1.1,15.9,
Trevor Daniel,1015763218.0,4357618.0,2,354,3,2.5545362009178123,0.0,0.4,7.9,
Trey Songz,128539369.0,0.0,0,293,2,3.0086051608987576,0.0,0.0,9.0,
Trippie Redd,726743165.0,21314601.0,12,1568,4,4.183410887721023,2.0,2.9,12.9,
Troye Sivan,783292640.0,0.0,1,505,4,3.3657978939676965,0.0,0.0,10.2,
Twenty One Pilots,728689825.0,2024250.0,2,896,4,2.7592116859952136,2.0,0.3,8.4,
Ty Dolla $ign,584576865.0,1053182.0,2,766,5,3.0086051608987576,1.0,0.2,9.2,
Tyga,1543731934.0,1773393.0,3,1150,4,2.5029514942993996,0.0,0.1,7.6,
Tyler,622252047.0,6047722.0,2,908,5,3.963555522701592,1.0,1.0,12.0,
Ugly God,37084086.0,230064.0,2,145,2,1.9524025364784479,0.0,0.6,6.4,
Wale,28923256.0,212910.0,1,139,3,1.921858596405609,0.0,0.7,6.1,
Wallows,118883338.0,1136841.0,1,148,2,2.6721858181428293,1.0,1.0,8.5,
Wham!,316136134.0,61505341.0,18,109,3,3.8966841227550133,0.0,19.5,18.3,
Whitney Houston,428904148.0,0.0,0,386,2,1.7957545897173484,0.0,0.0,5.4,
Why Don't We,131601582.0,4548544.0,8,151,2,4.757929166187689,0.0,3.5,16.4,
Will Smith,83004049.0,612459.0,1,124,2,1.5327438527226105,0.0,0.7,4.9,
William Singe,304043499.0,0.0,0,156,2,1.6959809382683209,0.0,0.0,5.1,
Willy William,412707940.0,0.0,0,242,2,3.5879719155058245,0.0,0.0,10.8,
Wisin,985045781.0,671408.0,1,1158,5,3.6209052320886332,0.0,0.1,10.9,
Wiz Khalifa,144386206.0,0.0,1,230,3,3.972941353471988,0.0,0.0,12.1,
WizKid,555039735.0,228829.0,1,516,5,1.5019942222953577,0.0,0.0,4.6,
XXXTENTACION,8957374278.0,306664173.0,68,7357,5,5.054290948749536,11.0,3.4,15.6,
Y2K,728295424.0,0.0,0,395,2,2.957201552020689,0.0,0.0,8.9,
YBN Nahmir,184428562.0,0.0,0,469,2,3.5793312873699867,0.0,0.0,10.7,
YG,527283870.0,4001345.0,6,680,4,3.910581377682176,2.0,0.8,12.2,
YNW Melly,1542353740.0,1117684.0,1,1722,3,3.1584900085060776,4.0,0.1,9.6,
Yandel,387966350.0,671408.0,1,460,4,2.4839704178558595,0.0,0.2,7.5,
Yo Gotti,69959759.0,0.0,0,183,3,2.021407407298592,1.0,0.0,6.2,
Young Stoner Life,38442527.0,0.0,0,108,2,1.8142228257200925,0.0,0.0,5.4,
Young Thug,1712775379.0,10574337.0,4,2046,5,2.762491772524629,8.0,0.6,8.5,
YoungBoy Never Broke Again,297351755.0,0.0,0,925,4,2.5292939933994396,1.0,0.0,7.6,
ZAYN,1126083773.0,6371563.0,2,820,5,3.546201750588059,0.0,0.6,10.7,
Zac Efron,236234704.0,0.0,0,249,2,3.48607704861579,0.0,0.0,10.5,
Zara Larsson,542651435.0,0.0,0,556,4,1.6535825403205702,0.0,0.0,5.0,
Zedd,2222507771.0,4958836.0,3,1390,5,2.5101096453573986,0.0,0.2,7.6,
Zendaya,238252796.0,2893388.0,3,253,2,3.48607704861579,0.0,1.2,10.9,
Zion,1186342200.0,0.0,0,1348,5,2.466083472622357,1.0,0.0,7.4,
bbno$,728295424.0,0.0,0,395,2,2.957201552020689,0.0,0.0,8.9,
beabadoobee,788450554.0,0.0,0,252,2,1.4426618717096944,0.0,0.0,4.3,
benny blanco,1590293018.0,1287479.0,1,1033,3,3.590857199851704,1.0,0.1,10.8,
blackbear,1073228257.0,1078427.0,1,738,5,2.8175180481853594,0.0,0.1,8.5,
iann dior,53250668.0,1181497.0,1,150,2,2.157099223482769,1.0,2.2,6.9,
Ñengo Flow,418975680.0,0.0,0,221,2,1.2499094960271675,0.0,0.0,3.7,
