artist,total_streams,bot_streams,flagged_days,total_days,years_active,debut_year,bot_pct
$uicideboy$,78282719.0,726275.0,5.0,298,2,2020,0.9
2 Chainz,51645778.0,0.0,1.0,171,4,2017,0.0
"2 Chainz, Ty Dolla $ign, Trey Songz, Jhené Aiko",121313666.0,420640.0,1.0,399,2,2017,0.3
21 Savage,680504508.0,27564637.0,23.0,1538,5,2017,4.1
"21 Savage, Metro Boomin",383109534.0,9863585.0,10.0,1177,4,2017,2.6
"21 Savage, Offset, Metro Boomin, Travis Scott",57097839.0,0.0,0.0,141,2,2017,0.0
24kGoldn,423676706.0,22540924.0,21.0,863,3,2019,5.3
5 Seconds of Summer,316299450.0,1722493.0,4.0,883,3,2018,0.5
6LACK,148123979.0,1028884.0,9.0,670,4,2017,0.7
6ix9ine,333685770.0,40624370.0,25.0,685,3,2017,12.2
"6ix9ine, Nicki Minaj, Murda Beatz",42704245.0,0.0,0.0,127,3,2018,0.0
"6ix9ine, Tory Lanez",55159806.0,2979000.0,2.0,122,2,2018,5.4
A Boogie Wit da Hoodie,850371901.0,8447355.0,12.0,2156,5,2017,1.0
A$AP Ferg,192682819.0,1767917.0,8.0,478,4,2017,0.9
A$AP Rocky,162186324.0,3071055.0,5.0,448,4,2017,1.9
AJR,148997670.0,665179.0,4.0,528,4,2017,0.4
Adele,273424342.0,70150850.0,48.0,569,4,2017,25.7
Alec Benjamin,57530186.0,917309.0,5.0,160,2,2018,1.6
Alessia Cara,105797063.0,0.0,1.0,359,5,2017,0.0
Ali Gatie,129565715.0,0.0,0.0,375,2,2019,0.0
Aminé,186853213.0,0.0,4.0,571,5,2017,0.0
Andy Williams,171974500.0,47425001.0,45.0,268,5,2017,27.6
Anne-Marie,33053944.0,0.0,0.0,131,3,2018,0.0
Ant Saunders,43582950.0,1542647.0,4.0,103,2,2019,3.5
Arctic Monkeys,101837634.0,0.0,2.0,432,3,2018,0.0
Ariana Grande,2414707259.0,481404030.0,279.0,4664,5,2017,19.9
"Ariana Grande, Nicki Minaj",47294072.0,0.0,0.0,183,2,2017,0.0
Arizona Zervas,335911921.0,15882756.0,14.0,602,3,2019,4.7
Ashnikko,67368273.0,1861699.0,14.0,237,3,2019,2.8
Ava Max,151282186.0,1506322.0,6.0,503,4,2018,1.0
Avicii,95466659.0,6710720.0,11.0,305,5,2017,7.0
BLACKPINK,83373039.0,1824262.0,4.0,243,3,2018,2.2
BROCKHAMPTON,94670743.0,3840150.0,16.0,263,5,2017,4.1
BTS,400969213.0,16195696.0,18.0,1077,5,2017,4.0
Baby Keem,156421073.0,9159016.0,14.0,348,3,2019,5.9
Bad Bunny,548706531.0,16077605.0,16.0,1402,4,2018,2.9
"Bad Bunny, Jhay Cortez",210783750.0,4422116.0,4.0,422,2,2020,2.1
"Bad Bunny, Prince Royce, J Balvin, Mambo Kingz, DJ Luian",25356326.0,515149.0,6.0,113,2,2017,2.0
"Bad Bunny, ROSALÍA",63457519.0,0.0,0.0,207,2,2020,0.0
"Bad Bunny, Tainy",87191230.0,0.0,0.0,254,2,2019,0.0
Band Aid,80067954.0,15067607.0,18.0,167,5,2017,18.8
Bazzi,538214059.0,19585929.0,24.0,1427,3,2018,3.6
Bebe Rexha,438068119.0,744068.0,5.0,1245,4,2017,0.2
Big Sean,387724134.0,9451521.0,13.0,1062,5,2017,2.4
Billie Eilish,2853448781.0,303777634.0,232.0,7273,4,2018,10.6
"Billie Eilish, Khalid",79426646.0,0.0,0.0,159,2,2018,0.0
Billy Currington,18630902.0,0.0,0.0,97,2,2017,0.0
Bing Crosby,123794289.0,39316159.0,63.0,332,5,2017,31.8
"Bing Crosby, Ken Darby Singers, John Scott Trotter & His Orchestra",96678560.0,25253464.0,23.0,172,5,2017,26.1
"Black Eyed Peas, J Balvin",34535326.0,0.0,3.0,119,2,2019,0.0
Blake Shelton,35575311.0,1338309.0,8.0,127,4,2017,3.8
BlocBoy JB,315595565.0,21367731.0,13.0,494,2,2018,6.8
Bobby Helms,156017028.0,46139636.0,36.0,203,5,2017,29.6
Brenda Lee,182613474.0,51456525.0,37.0,241,5,2017,28.2
Brent Faiyaz,52553161.0,832396.0,2.0,188,2,2020,1.6
Brett Eldredge,34705045.0,6119062.0,11.0,102,5,2017,17.6
Brett Young,67529308.0,0.0,1.0,331,3,2017,0.0
Bruno Mars,464381910.0,17094389.0,18.0,1155,4,2017,3.7
Bryce Vine,61084321.0,796321.0,3.0,192,2,2018,1.3
Bryson Tiller,212331368.0,1814102.0,11.0,1044,4,2017,0.9
Burl Ives,139935746.0,33373783.0,37.0,270,5,2017,23.8
BØRNS,144326177.0,0.0,1.0,505,3,2018,0.0
CJ,111091376.0,1252305.0,5.0,229,2,2020,1.1
"CORPSE, Savage Ga$p",39913013.0,0.0,1.0,144,2,2020,0.0
Calboy,163944616.0,940557.0,4.0,439,3,2018,0.6
Calvin Harris,157423130.0,3406154.0,8.0,381,5,2017,2.2
"Calvin Harris, Funk Wav",266847422.0,4818874.0,12.0,569,2,2017,1.8
Camila Cabello,498430478.0,5602582.0,13.0,1317,5,2017,1.1
"Camila Cabello, Young Thug",125318599.0,801701.0,1.0,159,2,2017,0.6
Cardi B,1116554585.0,124868653.0,65.0,2165,5,2017,11.2
"Cardi B, Bad Bunny, J Balvin",327952706.0,10262288.0,7.0,546,4,2018,3.1
Carpenters,33517920.0,14530958.0,26.0,90,5,2017,43.4
Cashmere Cat,38728877.0,968754.0,5.0,147,2,2017,2.5
Chance the Rapper,188600970.0,4102437.0,8.0,715,3,2017,2.2
"Chance the Rapper, MadeinTYO, DaBaby",71794457.0,1145939.0,1.0,192,2,2019,1.6
Charlie Puth,225830249.0,1175034.0,6.0,635,3,2017,0.5
Cheat Codes,79044378.0,0.0,2.0,296,2,2017,0.0
Childish Gambino,409644780.0,39509239.0,25.0,984,5,2017,9.6
Chris Brown,370575908.0,5046641.0,7.0,1022,5,2017,1.4
"Chris Brown, Young Thug",119941022.0,0.0,1.0,344,2,2020,0.0
Chris Stapleton,92274917.0,2431335.0,12.0,409,4,2017,2.6
Chuck Berry,67436728.0,15482985.0,20.0,157,5,2017,23.0
City Girls,91222978.0,747435.0,3.0,322,4,2018,0.8
Clairo,67256306.0,0.0,0.0,214,2,2020,0.0
Clean Bandit,189353986.0,339823.0,1.0,590,3,2017,0.2
Comethazine,31453683.0,469192.0,3.0,126,2,2018,1.5
Conan Gray,298389556.0,3991713.0,12.0,943,3,2019,1.3
DDG,53886824.0,507381.0,2.0,176,2,2020,0.9
DJ Khaled,631804604.0,44926114.0,39.0,1415,5,2017,7.1
"DJ Khaled, Justin Bieber, Quavo, Chance the Rapper",69044958.0,1503627.0,1.0,108,2,2018,2.2
DJ Snake,144729702.0,6114409.0,6.0,316,4,2017,4.2
"DJ Snake, Justin Bieber",39298958.0,293852.0,1.0,150,2,2017,0.7
DaBaby,1574946392.0,165100293.0,125.0,3605,3,2019,10.5
Dan + Shay,619626146.0,14688287.0,24.0,2147,4,2018,2.4
Darlene Love,50211524.0,14399110.0,17.0,95,4,2018,28.7
David Guetta,74708501.0,0.0,1.0,170,3,2017,0.0
Dean Lewis,140788652.0,233775.0,2.0,453,3,2018,0.2
Dean Martin,143545531.0,36302364.0,51.0,349,5,2017,25.3
Demi Lovato,260332383.0,3001735.0,11.0,635,4,2017,1.2
Dennis Lloyd,61654850.0,1953188.0,8.0,190,2,2018,3.2
Desiigner,56715708.0,0.0,0.0,281,2,2017,0.0
Diplo,143617343.0,1103454.0,9.0,519,4,2017,0.8
Doja Cat,1183921541.0,70953763.0,58.0,2174,3,2019,6.0
"Doja Cat, Tyga",38365094.0,0.0,0.0,132,2,2019,0.0
Don Toliver,279230141.0,3367372.0,6.0,755,3,2019,1.2
Drake,4482119336.0,1096164961.0,544.0,8118,5,2017,24.5
"Drake, Future",42824997.0,4754585.0,3.0,154,2,2017,11.1
"Drake, Quavo, Travis Scott",140635994.0,11402613.0,6.0,327,2,2017,8.1
"Drake, WizKid, Kyla",132174196.0,1414492.0,4.0,501,5,2017,1.1
Dreamville,97307708.0,2047111.0,4.0,310,2,2019,2.1
Dua Lipa,1034395987.0,21408212.0,26.0,2289,5,2017,2.1
Dustin Lynch,44354725.0,0.0,0.0,197,3,2017,0.0
"Eartha Kitt, Henri Rene & His Orchestra",55823355.0,10835977.0,15.0,151,5,2017,19.4
Ed Sheeran,1535173858.0,198426945.0,152.0,3499,5,2017,12.9
Ella Mai,132831390.0,253579.0,3.0,388,2,2018,0.2
Ellie Goulding,212832858.0,3798971.0,7.0,660,3,2018,1.8
Elvis Presley,80223046.0,16478127.0,21.0,180,5,2017,20.5
Eminem,725984158.0,91000109.0,80.0,1841,5,2017,12.5
"Eminem, Nate Dogg",47181444.0,0.0,0.0,257,3,2017,0.0
Famous Dex,303413308.0,905932.0,4.0,727,3,2017,0.3
Fleetwood Mac,164288350.0,5022475.0,6.0,510,2,2020,3.1
Flipp Dinero,219663762.0,0.0,0.0,501,3,2018,0.0
Florida Georgia Line,79467454.0,216134.0,2.0,325,4,2017,0.3
Frank Ocean,43960783.0,1912194.0,8.0,168,5,2017,4.3
Frank Sinatra,168846265.0,45114324.0,56.0,359,5,2017,26.7
French Montana,93999362.0,2304773.0,3.0,224,3,2018,2.5
"French Montana, Swae Lee",281968267.0,3555420.0,6.0,497,2,2017,1.3
Future,1005165143.0,211501736.0,148.0,2540,5,2017,21.0
"Future, Juice WRLD",126364493.0,6456767.0,6.0,312,2,2018,5.1
"Future, Lil Uzi Vert",68261548.0,944903.0,2.0,230,2,2020,1.4
"G Herbo, Juice WRLD, Lil Uzi Vert, Chance the Rapper",96306176.0,0.0,0.0,316,2,2020,0.0
G-Eazy,192066548.0,701682.0,4.0,522,5,2017,0.4
"G-Eazy, A$AP Rocky, Cardi B",178159393.0,0.0,0.0,372,2,2017,0.0
Gabby Barrett,97202410.0,932653.0,4.0,392,2,2020,1.0
Gene Autry,35461170.0,9027593.0,16.0,107,5,2017,25.5
Glass Animals,287548222.0,2841429.0,9.0,413,3,2019,1.0
GoldLink,57527220.0,322612.0,2.0,269,2,2017,0.6
Grouplove,125672971.0,0.0,0.0,524,2,2020,0.0
Gucci Mane,325825195.0,2077537.0,10.0,1012,5,2017,0.6
"Gucci Mane, Bruno Mars, Kodak Black",188903835.0,0.0,0.0,339,2,2018,0.0
Gunna,199160789.0,2933268.0,5.0,604,4,2018,1.5
H.E.R.,158563729.0,677731.0,4.0,652,4,2018,0.4
Hailee Steinfeld,198190182.0,779227.0,3.0,561,3,2017,0.4
Halsey,702695151.0,46382387.0,49.0,1576,5,2017,6.6
Harry Styles,978332094.0,25980628.0,27.0,2535,4,2017,2.7
Hozier,33813237.0,729379.0,5.0,143,4,2017,2.2
"Huncho Jack, Travis Scott, Quavo",52938927.0,1595697.0,6.0,194,2,2017,3.0
"Idina Menzel, AURORA",32317629.0,0.0,0.0,102,2,2019,0.0
Imagine Dragons,701911769.0,7159324.0,17.0,2029,4,2017,1.0
Internet Money,294824911.0,5415561.0,4.0,603,2,2020,1.8
"Internet Money, Diplo",36377098.0,0.0,0.0,110,2,2020,0.0
"Internet Money, Lil Tecca, A Boogie Wit da Hoodie",32687207.0,0.0,0.0,102,2,2019,0.0
"J Balvin, Bad Bunny",89382864.0,0.0,0.0,315,3,2019,0.0
"J Balvin, Dua Lipa, Bad Bunny",41291395.0,0.0,0.0,125,2,2020,0.0
"J Balvin, Willy William",132476174.0,435582.0,1.0,301,2,2017,0.3
J. Cole,1622404211.0,258360112.0,170.0,4552,5,2017,15.9
"J. Cole, Young Thug",121076259.0,0.0,0.0,315,2,2019,0.0
"JACKBOYS, Travis Scott",108715901.0,0.0,0.0,281,2,2019,0.0
JP Saxe,155841361.0,639882.0,5.0,519,3,2019,0.4
Jack Harlow,465256226.0,5106413.0,7.0,1195,2,2020,1.1
James Arthur,330115946.0,203964.0,4.0,1200,5,2017,0.1
Jason Aldean,77019110.0,219298.0,2.0,300,4,2017,0.3
Jason Derulo,127629150.0,542507.0,5.0,434,4,2017,0.4
"Jawsh 685, Jason Derulo",98779833.0,367765.0,1.0,209,2,2020,0.4
"Jhay Cortez, J Balvin, Bad Bunny",43155125.0,0.0,0.0,176,2,2019,0.0
Jhené Aiko,39842838.0,1830753.0,8.0,139,2,2019,4.6
Joel Corry,33542091.0,444417.0,2.0,115,2,2020,1.3
"John Lennon, The Harlem Community Choir, The Plastic Ono Band, Yoko Ono",35791545.0,6836365.0,9.0,94,3,2017,19.1
John Mayer,41793429.0,4338798.0,18.0,143,4,2017,10.4
Joji,431400367.0,7395133.0,14.0,1456,5,2017,1.7
Jon Bellion,53026417.0,0.0,0.0,129,2,2017,0.0
Jon Pardi,59294791.0,0.0,0.0,300,3,2017,0.0
Jonas Brothers,337458001.0,32723647.0,33.0,834,3,2019,9.7
José Feliciano,92377249.0,24248939.0,25.0,175,5,2017,26.2
Journey,67089830.0,0.0,0.0,305,4,2018,0.0
Judy Garland,41843733.0,9747561.0,14.0,118,5,2017,23.3
Juice WRLD,4314338341.0,449523405.0,330.0,10440,4,2018,10.4
"Juice WRLD, Polo G",93660395.0,3447865.0,2.0,246,2,2020,3.7
Julia Michaels,204398482.0,1390454.0,9.0,570,3,2017,0.7
Justin Bieber,1038513234.0,106292594.0,83.0,2189,5,2017,10.2
Justin Timberlake,111211573.0,3700897.0,14.0,406,2,2017,3.3
KAROL G,30259702.0,236680.0,1.0,117,2,2020,0.8
"KAROL G, Nicki Minaj",55993296.0,0.0,2.0,158,2,2019,0.0
KYLE,339039479.0,3259428.0,5.0,705,4,2017,1.0
Kane Brown,290660197.0,1196346.0,5.0,1056,5,2017,0.4
Kanye West,740425757.0,159967499.0,106.0,1525,5,2017,21.6
Katy Perry,77660278.0,905071.0,1.0,206,3,2019,1.2
"Keala Settle, The Greatest Showman Ensemble",41087951.0,866952.0,4.0,136,2,2017,2.1
Kehlani,75734437.0,1728200.0,6.0,217,3,2017,2.3
Kelly Clarkson,81862347.0,18157854.0,20.0,155,5,2017,22.2
Kendrick Lamar,1723217003.0,333623124.0,176.0,3473,5,2017,19.4
"Kendrick Lamar, Jay Rock",83622826.0,0.0,0.0,358,3,2017,0.0
Kesha,84939556.0,1968376.0,12.0,277,3,2017,2.3
Kevin Gates,39622512.0,0.0,0.0,141,4,2017,0.0
Khalid,1872368479.0,24699381.0,31.0,4677,5,2017,1.3
"Khalid, 6LACK, Ty Dolla $ign",112592345.0,0.0,0.0,293,2,2018,0.0
"Khalid, Disclosure",86154764.0,2378471.0,2.0,188,2,2019,2.8
Kid Cudi,117181032.0,16898033.0,21.0,308,2,2020,14.4
King Princess,31481990.0,467635.0,3.0,116,2,2018,1.5
King Von,36285385.0,1538173.0,4.0,131,2,2020,4.2
Kodak Black,999946984.0,85006584.0,69.0,2542,5,2017,8.5
Kygo,136070729.0,2174089.0,5.0,297,3,2017,1.6
"Kygo, Whitney Houston",40274057.0,325771.0,1.0,131,2,2019,0.8
LANCO,21676548.0,0.0,0.0,106,2,2017,0.0
Lady Gaga,208219220.0,13978935.0,18.0,546,5,2017,6.7
"Lady Gaga, Bradley Cooper",167457974.0,9478572.0,11.0,404,3,2018,5.7
Lana Del Rey,54485223.0,4324187.0,20.0,215,5,2017,7.9
Lauv,355816267.0,994811.0,7.0,1306,4,2017,0.3
Lee Brice,52529309.0,232456.0,1.0,212,3,2019,0.4
Lewis Capaldi,645518303.0,3295562.0,7.0,1721,3,2019,0.5
Liam Payne,32150602.0,1491467.0,3.0,120,4,2017,4.6
"Liam Payne, Quavo",129607279.0,616282.0,3.0,307,2,2017,0.5
Lil Baby,1322767609.0,103212765.0,79.0,3456,4,2018,7.8
"Lil Baby, Drake",322348942.0,17039618.0,11.0,675,4,2018,5.3
Lil Dicky,116005136.0,3701295.0,4.0,230,2,2018,3.2
Lil Durk,84156878.0,0.0,0.0,284,2,2020,0.0
Lil Mosey,678289357.0,26950854.0,23.0,1554,4,2018,4.0
Lil Nas X,1169105554.0,158482007.0,88.0,1562,3,2019,13.6
"Lil Nas X, Billy Ray Cyrus",74064357.0,373678.0,1.0,207,2,2019,0.5
Lil Peep,98605378.0,2690389.0,12.0,402,5,2017,2.7
"Lil Peep, XXXTENTACION",114819440.0,9776497.0,6.0,235,3,2018,8.5
Lil Pump,324084094.0,30646005.0,30.0,885,3,2017,9.5
Lil Skies,566809203.0,1675560.0,8.0,1894,4,2017,0.3
Lil Tecca,619366456.0,84291265.0,62.0,1423,3,2019,13.6
Lil Tjay,267690305.0,1856342.0,4.0,848,3,2019,0.7
Lil Uzi Vert,2353571261.0,310802564.0,238.0,6433,5,2017,13.2
Lil Wayne,279349451.0,72755207.0,63.0,643,3,2017,26.0
"Lil Wayne, Swizz Beatz",53355091.0,4845726.0,3.0,133,2,2018,9.1
Lil Xan,140082333.0,377743.0,2.0,373,2,2017,0.3
Lil Yachty,93798407.0,1275024.0,3.0,341,4,2017,1.4
Little Mix,34527187.0,0.0,0.0,112,2,2017,0.0
Lizzo,535344919.0,57827329.0,67.0,1120,3,2019,10.8
Logic,334127875.0,14934569.0,20.0,937,5,2017,4.5
"Logic, Alessia Cara, Khalid",316552848.0,16604266.0,15.0,588,3,2017,5.2
"Logic, Marshmello",73180855.0,2736819.0,2.0,184,2,2018,3.7
Lord Huron,53424873.0,701979.0,4.0,221,4,2017,1.3
Lorde,114076255.0,8107548.0,20.0,344,2,2017,7.1
Loud Luxury,41160437.0,0.0,0.0,125,2,2018,0.0
"Luis Fonsi, Daddy Yankee, Justin Bieber",251602145.0,19853903.0,16.0,338,4,2017,7.9
"Luis Fonsi, Demi Lovato",31473060.0,0.0,0.0,112,2,2017,0.0
Luke Bryan,30525350.0,1023038.0,5.0,132,4,2017,3.4
Luke Combs,840088041.0,14644094.0,28.0,3254,5,2017,1.7
MAX,49046399.0,1352793.0,9.0,203,3,2017,2.8
Mac Miller,275146551.0,31395685.0,52.0,778,4,2018,11.4
Machine Gun Kelly,422980951.0,4682601.0,14.0,1219,5,2017,1.1
Macklemore,105660958.0,2159231.0,6.0,308,2,2017,2.0
MadeinTYO,60760237.0,0.0,0.0,295,2,2017,0.0
Madison Beer,43648434.0,1008726.0,6.0,164,4,2018,2.3
Maluma,81818112.0,1014006.0,8.0,311,4,2017,1.2
Maren Morris,53203517.0,639427.0,5.0,191,3,2017,1.2
Mariah Carey,265957584.0,66841196.0,58.0,404,5,2017,25.1
Mark Ronson,47838066.0,337221.0,2.0,142,3,2018,0.7
Maroon 5,610967838.0,9715512.0,13.0,1434,5,2017,1.6
Marshmello,133426660.0,0.0,1.0,390,4,2017,0.0
"Marshmello, Anne-Marie",101815688.0,0.0,0.0,233,2,2018,0.0
"Marshmello, Bastille",315531041.0,2392665.0,3.0,649,4,2018,0.8
"Marshmello, Kane Brown",91088820.0,818878.0,1.0,237,2,2019,0.9
"Marshmello, Khalid",188503290.0,0.0,0.0,467,3,2017,0.0
"Marshmello, Roddy Ricch",35678577.0,0.0,0.0,127,2,2018,0.0
Martin Garrix,92664349.0,212888.0,6.0,223,3,2018,0.2
Meek Mill,453396764.0,41384444.0,38.0,976,5,2017,9.1
Megan Thee Stallion,491114783.0,6158628.0,12.0,1354,3,2019,1.3
Melanie Martinez,44728999.0,0.0,2.0,135,2,2019,0.0
Metro Boomin,236055822.0,893413.0,2.0,613,3,2018,0.4
Michael Bublé,237339729.0,50529803.0,59.0,479,5,2017,21.3
Migos,1049428783.0,79205312.0,62.0,2567,5,2017,7.5
"Migos, Drake",166137592.0,2648971.0,3.0,355,2,2018,1.6
"Migos, Nicki Minaj, Cardi B",137780575.0,1088075.0,1.0,310,3,2017,0.8
Miguel,124830277.0,927102.0,6.0,342,3,2017,0.7
Mike Posner,21478217.0,0.0,0.0,112,2,2017,0.0
Miley Cyrus,234940347.0,4457776.0,11.0,653,5,2017,1.9
Money Man,49433778.0,694062.0,3.0,145,2,2020,1.4
Moneybagg Yo,107742659.0,802534.0,2.0,404,3,2018,0.7
Morgan Wallen,1086028277.0,14279620.0,21.0,3687,5,2017,1.3
Mother Mother,44048335.0,1544869.0,5.0,164,2,2020,3.5
Mustard,515595869.0,1337123.0,2.0,1244,3,2019,0.3
"Mykola Dmytrovych Leontovych, John Williams",55708462.0,11870401.0,19.0,150,5,2017,21.3
"N.E.R.D, Rihanna",34752302.0,1806329.0,5.0,103,2,2017,5.2
NAV,333209854.0,752165.0,3.0,1154,4,2017,0.2
NF,249720718.0,4023288.0,13.0,705,4,2017,1.6
NLE Choppa,360128377.0,869209.0,4.0,1044,3,2019,0.2
Nat King Cole,164448260.0,43305793.0,54.0,341,5,2017,26.3
Niall Horan,161763026.0,1755447.0,5.0,496,4,2017,1.1
Nicki Minaj,161979424.0,8546495.0,17.0,455,4,2018,5.3
"Nio Garcia, Casper Magico, Bad Bunny, Darell, Ozuna, Nicky Jam",109497647.0,0.0,0.0,302,2,2018,0.0
Nipsey Hussle,50110084.0,2289249.0,17.0,171,2,2018,4.6
Noah Cyrus,142922719.0,1805594.0,10.0,546,5,2017,1.3
Normani,48753137.0,494615.0,1.0,139,4,2018,1.0
Offset,516074860.0,2858913.0,3.0,1268,4,2017,0.6
Old Dominion,94417233.0,1764435.0,8.0,392,5,2017,1.9
Oliver Tree,36920021.0,428829.0,2.0,106,2,2019,1.2
Olivia Rodrigo,1575583699.0,371313280.0,165.0,2270,3,2019,23.6
OneRepublic,96599710.0,1132807.0,8.0,356,4,2017,1.2
Ozuna,43062933.0,665412.0,2.0,177,4,2017,1.5
P!nk,50519413.0,1709555.0,8.0,190,3,2017,3.4
PARTYNEXTDOOR,48223531.0,640356.0,3.0,209,3,2017,1.3
Panic! At The Disco,283208367.0,3999143.0,11.0,854,4,2017,1.4
Paramore,26826949.0,1387026.0,9.0,122,2,2017,5.2
Paul McCartney,78050268.0,15555934.0,17.0,161,5,2017,19.9
"Pedro Capó, Farruko",26664713.0,214104.0,1.0,105,2,2018,0.8
Pentatonix,36876536.0,4417846.0,10.0,131,5,2017,12.0
"Perry Como, The Fontane Sisters",70562634.0,15186987.0,17.0,146,5,2017,21.5
Playboi Carti,324860778.0,5653683.0,13.0,919,5,2017,1.7
"Playboi Carti, Lil Uzi Vert",92222992.0,0.0,0.0,321,2,2017,0.0
PnB Rock,103127126.0,383121.0,1.0,482,2,2017,0.4
Polo G,1004876330.0,77745428.0,53.0,2502,3,2019,7.7
Pop Smoke,1048400113.0,14951791.0,24.0,2742,2,2020,1.4
Portugal. The Man,129373653.0,1733153.0,6.0,330,5,2017,1.3
Post Malone,4879202943.0,812123120.0,501.0,10394,5,2017,16.6
"Post Malone, 21 Savage",336781768.0,137593312.0,58.0,223,2,2017,40.9
"Post Malone, Justin Bieber",22834637.0,0.0,0.0,116,2,2017,0.0
"Post Malone, Quavo",533747086.0,9335873.0,8.0,1176,5,2017,1.7
"Post Malone, Swae Lee",778289864.0,94753802.0,55.0,1166,4,2018,12.2
"Powfu, beabadoobee",200131478.0,362828.0,1.0,477,2,2020,0.2
Quality Control,133623017.0,0.0,0.0,346,2,2019,0.0
"Quality Control, Quavo, Lil Yachty",25105342.0,593052.0,3.0,94,2,2017,2.4
Quavo,91487128.0,3666944.0,14.0,260,2,2018,4.0
Queen,218677180.0,2698532.0,6.0,794,5,2017,1.2
Rae Sremmurd,176614103.0,0.0,0.0,517,2,2017,0.0
"Rae Sremmurd, Swae Lee, Slim Jxmmi",151164760.0,2386193.0,5.0,378,2,2018,1.6
Rich The Kid,407089662.0,7828167.0,9.0,1003,4,2017,1.9
Ricky Montgomery,59457861.0,1128873.0,7.0,254,2,2020,1.9
Rihanna,101651421.0,1251163.0,3.0,396,4,2017,1.2
Rita Ora,56106708.0,279138.0,5.0,225,2,2017,0.5
Ritt Momney,98822120.0,840680.0,3.0,276,2,2020,0.9
Rod Wave,209133965.0,3756863.0,12.0,624,3,2019,1.8
Roddy Ricch,861692259.0,233863331.0,107.0,1573,3,2019,27.1
Russ,254532933.0,679211.0,8.0,1087,5,2017,0.3
Russell Dickerson,30852830.0,0.0,0.0,144,2,2017,0.0
SAINt JHN,201140635.0,5666900.0,13.0,431,2,2020,2.8
SHAED,50116707.0,2332035.0,6.0,143,3,2018,4.7
SZA,426658317.0,18936303.0,26.0,1080,4,2017,4.4
"SZA, The Neptunes, Pharrell Williams, Ty Dolla $ign",28213620.0,728457.0,1.0,109,2,2020,2.6
Sabrina Carpenter,37250275.0,558284.0,3.0,166,2,2017,1.5
Sam Hunt,268584037.0,1606390.0,9.0,753,5,2017,0.6
Sam Smith,514524157.0,16422000.0,32.0,1232,5,2017,3.2
Saweetie,229606875.0,854427.0,3.0,599,3,2019,0.4
ScHoolboy Q,100578134.0,3292181.0,5.0,285,2,2018,3.3
Selena Gomez,392363876.0,25761179.0,20.0,909,5,2017,6.6
"Selena Gomez, Marshmello",99738278.0,2258534.0,2.0,211,2,2017,2.3
Shakira,27494653.0,392871.0,1.0,116,3,2017,1.4
Shawn Mendes,513093592.0,13692046.0,18.0,1410,5,2017,2.7
"Shawn Mendes, Camila Cabello",235038904.0,20538560.0,12.0,399,2,2019,8.7
Sheck Wes,289458380.0,1973712.0,3.0,420,3,2018,0.7
Shelley FKA DRAM,127555109.0,0.0,0.0,424,2,2017,0.0
Sia,42834621.0,7718936.0,13.0,141,5,2017,18.0
"Sia, Diplo, Labrinth, LSD",39793812.0,454635.0,4.0,136,2,2018,1.1
Ski Mask The Slump God,224150340.0,396325.0,3.0,669,4,2018,0.2
Smokepurpp,56475103.0,0.0,0.0,240,3,2017,0.0
Social House,56569854.0,206799.0,2.0,219,2,2018,0.4
StaySolidRocky,125462973.0,608614.0,1.0,238,2,2020,0.5
Summer Walker,88777433.0,2817651.0,12.0,312,3,2019,3.2
Surfaces,177139181.0,2571563.0,9.0,416,2,2020,1.5
"THE SCOTTS, Travis Scott, Kid Cudi",144448400.0,20108124.0,9.0,236,2,2020,13.9
TOKYO’S REVENGE,48703926.0,967987.0,4.0,135,2,2019,2.0
TOTO,41999651.0,0.0,0.0,192,3,2018,0.0
Tame Impala,199442634.0,2640225.0,12.0,831,3,2019,1.3
Tate McRae,172070696.0,981440.0,3.0,495,2,2020,0.6
Tay-K,67416511.0,785817.0,4.0,220,2,2017,1.2
Taylor Swift,1753572324.0,306583158.0,249.0,3930,5,2017,17.5
"Taylor Swift, Ed Sheeran, Future",34474751.0,0.0,0.0,91,2,2017,0.0
Tee Grizzley,152898724.0,381156.0,2.0,677,3,2017,0.2
The Chainsmokers,369001362.0,8153118.0,9.0,1018,3,2017,2.2
"The Chainsmokers, Coldplay",155078945.0,7453035.0,6.0,360,2,2017,4.8
"The Chainsmokers, Halsey",172082586.0,772693.0,2.0,537,5,2017,0.4
"The Chainsmokers, Kelsea Ballerini",45511504.0,0.0,0.0,170,2,2018,0.0
The Jackson 5,76278870.0,17831977.0,21.0,171,5,2017,23.4
The Kid LAROI,638906754.0,137044779.0,81.0,1275,2,2020,21.4
The Killers,129461889.0,407790.0,3.0,524,5,2017,0.3
The Neighbourhood,329567502.0,0.0,0.0,958,2,2020,0.0
The Ronettes,76932040.0,21027353.0,25.0,150,5,2017,27.3
The Weeknd,1726133289.0,144986669.0,112.0,3954,5,2017,8.4
"The Weeknd, Daft Punk",282574535.0,2389827.0,6.0,785,5,2017,0.8
Thomas Rhett,171244664.0,2957477.0,18.0,669,5,2017,1.7
"Thomas Rhett, Maren Morris",43377441.0,360989.0,1.0,192,2,2017,0.8
"Tiësto, Dzeko, Preme, Post Malone",86172782.0,0.0,0.0,197,2,2018,0.0
Tones And I,266580857.0,1920691.0,5.0,580,3,2019,0.7
Tory Lanez,167533318.0,2947422.0,13.0,614,4,2017,1.8
Travis Scott,2424823615.0,367778541.0,262.0,5860,5,2017,15.2
"Travis Scott, Young Thug",61332084.0,0.0,0.0,128,2,2019,0.0
Trevor Daniel,239166065.0,2905983.0,5.0,475,3,2019,1.2
Trippie Redd,527341876.0,15569636.0,22.0,1668,5,2017,3.0
"Trippie Redd, DaBaby",40904898.0,0.0,0.0,104,2,2019,0.0
"Trippie Redd, Juice WRLD",50032271.0,833139.0,2.0,147,3,2018,1.7
"Trippie Redd, Juice WRLD, YNW Melly",32382528.0,0.0,0.0,90,2,2019,0.0
Twenty One Pilots,200175024.0,6585884.0,13.0,797,5,2017,3.3
Ty Dolla $ign,73466916.0,2400266.0,11.0,288,5,2017,3.3
Tyga,340426548.0,9775435.0,14.0,703,3,2018,2.9
"Tyler, The Creator",475796679.0,40278717.0,40.0,1332,5,2017,8.5
Vince Guaraldi Trio,75190035.0,19396361.0,27.0,184,5,2017,25.8
WILLOW,110934784.0,401488.0,3.0,367,3,2019,0.4
Wale,30036438.0,328607.0,2.0,145,3,2017,1.1
Walker Hayes,84651180.0,0.0,0.0,208,3,2017,0.0
Wallows,114593142.0,0.0,0.0,419,2,2020,0.0
Wham!,140348303.0,31836506.0,28.0,226,5,2017,22.7
Wiz Khalifa,73381501.0,1543419.0,7.0,230,3,2017,2.1
XXXTENTACION,3394674652.0,303089402.0,237.0,8755,5,2017,8.9
"XXXTENTACION, Lil Pump",78205487.0,3960095.0,3.0,153,2,2018,5.1
"Y2K, bbno$",136208164.0,452972.0,1.0,320,2,2019,0.3
YBN Nahmir,198382046.0,1621105.0,7.0,641,5,2017,0.8
YG,231692804.0,942236.0,7.0,573,3,2018,0.4
YNW Melly,751387356.0,21565921.0,18.0,1770,4,2018,2.9
Yo Gotti,62566501.0,0.0,0.0,218,4,2017,0.0
"Young Stoner Life, Young Thug, Gunna",91047383.0,1178113.0,1.0,249,2,2020,1.3
Young Thug,461608159.0,6183329.0,6.0,1200,5,2017,1.3
"Young Thug, Travis Scott",85255153.0,0.0,0.0,340,2,2017,0.0
YoungBoy Never Broke Again,285979836.0,2335718.0,5.0,1009,5,2017,0.8
ZAYN,41877133.0,430299.0,2.0,147,5,2017,1.0
"ZAYN, Sia",64245933.0,764030.0,1.0,157,2,2017,1.2
"ZAYN, Taylor Swift",149421297.0,230344.0,1.0,358,2,2017,0.2
Zac Brown Band,24611683.0,2249364.0,5.0,105,4,2018,9.1
"Zac Efron, Zendaya",44595735.0,1002880.0,4.0,135,2,2017,2.2
Zara Larsson,62369673.0,463264.0,1.0,229,3,2017,0.7
Zedd,190699223.0,0.0,0.0,413,2,2017,0.0
"Zedd, Maren Morris, Grey",223089475.0,4620876.0,5.0,560,4,2018,2.1
benny blanco,416900341.0,3192901.0,7.0,998,4,2018,0.8
blackbear,482309891.0,2164451.0,10.0,1345,5,2017,0.4
iann dior,46053168.0,379912.0,1.0,140,2,2020,0.8
